,State,Constituency,Leading Candidate,Leading Party,Trailing Candidate,Trailing Party,Margin,Status
0,Goa,Aldona,CARLOS ALVARES FERREIRA,Indian National Congress,GLENN JOHN VIJAY AMBROSE E SOUZA TICLO,Bharatiya Janata Party  ,1823,Result Declared
1,Goa,Benaulim,Venzy Viegas,Aam Aadmi Party,Churchill Alemao,All India Trinamool Congress  ,1271,Result Declared
2,Goa,Bicholim,DR. CHANDRAKANT SHETYE,Independent,NARESH RAJARAM SAWAL,Maharashtrawadi Gomantak  ,318,Result Declared
3,Goa,Calangute,Michael Vincent Lobo,Indian National Congress,Joseph Robert Sequeira,Bharatiya Janata Party  ,4979,Result Declared
4,Goa,Canacona,Ramesh Tawadkar,Bharatiya Janata Party,Isidore Aleixinho Fernandes,Independent  ,3051,Result Declared
5,Goa,Cortalim,Antonio Vas,Independent,Olencio Simoes,Indian National Congress  ,1178,Result Declared
6,Goa,Cumbarjua,Rajesh Faldessai,Indian National Congress,Janita Pandurang Madkaikar,Bharatiya Janata Party  ,2827,Result Declared
7,Goa,Cuncolim,Alemao Yuri,Indian National Congress,CLAFASIO DIAS,Bharatiya Janata Party  ,3234,Result Declared
8,Goa,Curchorem,NILESH CABRAL,Bharatiya Janata Party,AMIT PATKAR,Indian National Congress  ,672,Result Declared
9,Goa,Curtorim,ALEIXO REGINALDO LOURENCO,Independent,MORENO REBELO,Indian National Congress  ,5055,Result Declared
10,Goa,Dabolim,MAUVIN HELIODORO GODINHO,Bharatiya Janata Party,Captain Viriato Hipolito Mendonca Fernandes,Indian National Congress  ,1570,Result Declared
11,Goa,Fatorda,VIJAI SARDESAI,Goa Forward Party,DAMU G. NAIK,Bharatiya Janata Party  ,1527,Result Declared
12,Goa,Maem,PREMENDRA VISHNU SHET,Bharatiya Janata Party,SANTOSH KUMAR SAWANT,Goa Forward Party  ,3136,Result Declared
13,Goa,Mandrem,JIT VINAYAK AROLKAR,Maharashtrawadi Gomantak,DAYANAND RAGHUNATH SOPTE,Bharatiya Janata Party  ,715,Result Declared
14,Goa,Mapusa,JOSHUA PETER DE SOUZA,Bharatiya Janata Party,SUDHIR RAMA KANDOLKAR,Indian National Congress  ,1647,Result Declared
15,Goa,Marcaim,Ramkrishna Alias Sudin Dhavalikar,Maharashtrawadi Gomantak,Sudesh Bhingi,Bharatiya Janata Party  ,9963,Result Declared
16,Goa,Margao,DIGAMBAR KAMAT,Indian National Congress,AJGAONKAR MANOHAR (BABU),Bharatiya Janata Party  ,7794,Result Declared
17,Goa,Mormugao,Sankalp Amonkar,Indian National Congress,Milind Sagun Naik,Bharatiya Janata Party  ,1941,Result Declared
18,Goa,Navelim,Ulhas Tuenkar,Bharatiya Janata Party,Valanka Natasha Alemao,All India Trinamool Congress  ,430,Result Declared
19,Goa,Nuvem,ALEIXO SEQUEIRA,Indian National Congress,ARVIND D'COSTA,Revolutionary Goans Party  ,4397,Result Declared
20,Goa,Panaji,ATANASIO MONSERRATE,Bharatiya Janata Party,UTPAL MANOHAR PARRIKAR,Independent  ,716,Result Declared
21,Goa,Pernem,PRAVIN PRABHAKAR ARLEKAR,Bharatiya Janata Party,RAJAN BABUSO KORGAONKAR,Maharashtrawadi Gomantak  ,3418,Result Declared
22,Goa,Ponda,RAVI NAIK,Bharatiya Janata Party,KETAN PRABHU BHATIKAR,Maharashtrawadi Gomantak  ,77,Result Declared
23,Goa,Poriem,DEVIYA VISHWAJIT RANE,Bharatiya Janata Party,VISHWAJIT RANE,Aam Aadmi Party  ,13943,Result Declared
24,Goa,Porvorim,Rohan Khaunte,Bharatiya Janata Party,Sandeep Vazarkar,All India Trinamool Congress  ,7950,Result Declared
25,Goa,Priol,Govind Shepu Gaude,Bharatiya Janata Party,Pandurang Alias Deepak Dhavalikar,Maharashtrawadi Gomantak  ,213,Result Declared
26,Goa,Quepem,ALTONE D'COSTA,Indian National Congress,CHANDRAKANT KAVLEKAR,Bharatiya Janata Party  ,3601,Result Declared
27,Goa,Saligao,Kedar Jayprakash Naik,Indian National Congress,Jayesh Salgaonkar,Bharatiya Janata Party  ,1899,Result Declared
28,Goa,Sanguem,Subhash Uttam Phal Dessai,Bharatiya Janata Party,Savitri Chandrakant Kavlekar,Independent  ,1429,Result Declared
29,Goa,Sanquelim,Dr. Pramod Sawant,Bharatiya Janata Party,Dharmesh Saglani,Indian National Congress  ,666,Result Declared
30,Goa,Sanvordem,Ganesh Gaonkar,Bharatiya Janata Party,Deepak Prabhu Pauskar,Independent  ,5190,Result Declared
31,Goa,Siolim,DELILAH MICHAEL LOBO,Indian National Congress,DAYANAND RAYU MANDREKAR,Bharatiya Janata Party  ,1727,Result Declared
32,Goa,Siroda,Subhash Shirodkar,Bharatiya Janata Party,Mahadev Naik,Aam Aadmi Party  ,2174,Result Declared
33,Goa,St. Andre,Viresh Mukesh Borkar,Revolutionary Goans Party,Francisco Silveira,Bharatiya Janata Party  ,76,Result Declared
34,Goa,St.Cruz,Rodolfo Louis Fernandes,Indian National Congress,Antonio Caetano Fernandes,Bharatiya Janata Party  ,2464,Result Declared
35,Goa,Taleigao,JENNIFER MONSERRATE,Bharatiya Janata Party,TONY ALFREDO RODRIGUES,Indian National Congress  ,2041,Result Declared
36,Goa,Tivim,NILKANTH RAMNATH HALARNKAR,Bharatiya Janata Party,KAVITA KANDOLKAR,All India Trinamool Congress  ,2051,Result Declared
37,Goa,Valpoi,VISHWAJIT PRATAPSINGH RANE,Bharatiya Janata Party,TUKARAM BHARAT PARAB,Revolutionary Goans Party  ,8085,Result Declared
38,Goa,Vasco-Da-Gama,Krishna V. Salkar,Bharatiya Janata Party,Jose Luis Carlos Almeida,Indian National Congress  ,3657,Result Declared
39,Goa,Velim,CRUZ SILVA,Aam Aadmi Party,D'SILVA SAVIO,Indian National Congress  ,169,Result Declared
40,UK,Almora,MANOJ TEWARI,Indian National Congress,KAILASH SHARMA,Bharatiya Janata Party  ,141,Result in Progress
41,UK,B.H.E.L. Ranipur,Adesh Chauhan,Bharatiya Janata Party,Rajbir Singh Chauhan,Indian National Congress  ,13862,Result Declared
42,UK,Badrinath,Rajendra Singh Bhandari,Indian National Congress,Mahendra Bhatt,Bharatiya Janata Party  ,2066,Result Declared
43,UK,Bageshwar,CHANDAN RAM DASS,Bharatiya Janata Party,RANJEET DAS,Indian National Congress  ,12141,Result Declared
44,UK,Bajpur,YASHPAL ARYA,Indian National Congress,RAJESH KUMAR,Bharatiya Janata Party  ,1611,Result Declared
45,UK,Bhagwanpur,Mamta Rakesh,Indian National Congress,Subodh Rakesh,Bahujan Samaj Party  ,4811,Result Declared
46,UK,Bhimtal,RAM SINGH KAIRA,Bharatiya Janata Party,DAN SINGH BHANDARI,Indian National Congress  ,9844,Result Declared
47,UK,Chakrata,Pritam Singh,Indian National Congress,Ram Sharan Nautiyal,Bharatiya Janata Party  ,9436,Result Declared
48,UK,Champawat,Kailash Chandra Gahtori,Bharatiya Janata Party,Hemesh Kharkwal,Indian National Congress  ,5304,Result Declared
49,UK,Chaubattakhal,SATPAL MAHARAJ,Bharatiya Janata Party,KESHAR SINGH,Indian National Congress  ,11430,Result Declared
50,UK,Dehradun Cantt.,Savita Kapoor,Bharatiya Janata Party,Suryakant Dhasmana,Indian National Congress  ,20938,Result Declared
51,UK,Deoprayag,Vinod Kandari,Bharatiya Janata Party,Diwakar Bhatt,Uttarakhand Kranti Dal  ,2588,Result Declared
52,UK,Dhanolti,Pritam Singh Panwar,Bharatiya Janata Party,Jot Singh Bisht,Indian National Congress  ,4684,Result Declared
53,UK,Dharampur,VINOD CHAMOLI,Bharatiya Janata Party,DINESH AGARWAL,Indian National Congress  ,10090,Result Declared
54,UK,Dharchula,HARISH SINGH DHAMI,Indian National Congress,DHAN SINGH DHAMI (DHAN DA),Bharatiya Janata Party  ,1118,Result Declared
55,UK,Didihat,VISHAN SINGH,Bharatiya Janata Party,KISHAN BHANDARI,Independent  ,3226,Result Declared
56,UK,Doiwala,BRIJ BHUSHAN GAIROLA,Bharatiya Janata Party,GAURAV (GINNI),Indian National Congress  ,29021,Result Declared
57,UK,Dwarahat,MADAN SINGH BISHT,Indian National Congress,ANIL SINGH SHAHI,Bharatiya Janata Party  ,182,Result Declared
58,UK,Gadarpur,Arvind Pandey,Bharatiya Janata Party,Premanand Mahajan,Indian National Congress  ,1120,Result Declared
59,UK,Gangolihat,FAKEER RAM,Bharatiya Janata Party,KHAJAN CHANDRA GUDDU,Indian National Congress  ,10053,Result Declared
60,UK,Gangotri,Suresh Singh Chauhan,Bharatiya Janata Party,Vijaypal Singh Sajwan,Indian National Congress  ,8029,Result Declared
61,UK,Ghanshali,SHAKTI LAL SHAH,Bharatiya Janata Party,DHANI LAL SHAH,Indian National Congress  ,10285,Result Declared
62,UK,Haldwani,SUMIT HRIDAYESH,Indian National Congress,DR. JOGENDER PAL SINGH RAUTELA,Bharatiya Janata Party  ,7814,Result Declared
63,UK,Hardwar,MADAN KAUSHIK,Bharatiya Janata Party,SATPAL BRAHAMCHARI,Indian National Congress  ,15237,Result Declared
64,UK,Hardwar Rural,Anupama Rawat,Indian National Congress,Yatishwaranand,Bharatiya Janata Party  ,4472,Result Declared
65,UK,Jageshwar,MOHAN SINGH,Bharatiya Janata Party,GOVIND SINGH KUNJWAL,Indian National Congress  ,5883,Result Declared
66,UK,Jaspur,ADESH SINGH CHAUHAN,Indian National Congress,Dr. SHAILENDRA MOHAN SINGHAL,Bharatiya Janata Party  ,4172,Result Declared
67,UK,Jhabrera,Virendra Kumar,Indian National Congress,Rajpal Singh,Bharatiya Janata Party  ,8216,Result Declared
68,UK,Jwalapur,Er. Ravi Bahadur,Indian National Congress,Suresh Rathore,Bharatiya Janata Party  ,13343,Result Declared
69,UK,Kaladhungi,BANSHIDHAR BHAGAT,Bharatiya Janata Party,MAHESH CHANDRA,Indian National Congress  ,23931,Result Declared
70,UK,Kapkot,Suresh Gariya,Bharatiya Janata Party,Lalit Farswan,Indian National Congress  ,4046,Result Declared
71,UK,Karnprayag,Anil Nautiyal,Bharatiya Janata Party,Mukesh Negi,Indian National Congress  ,6715,Result Declared
72,UK,Kashipur,Trilok Singh Cheema,Bharatiya Janata Party,Narendra Chand Singh,Indian National Congress  ,16335,Result Declared
73,UK,Kedarnath,SHAILA RANI RAWAT,Bharatiya Janata Party,KULDEEP SINGH RAWAT,Independent  ,8463,Result Declared
74,UK,Khanpur,UMESH KUMAR,Independent,RAVINDRA SINGH,Bahujan Samaj Party  ,6852,Result Declared
75,UK,Khatima,Bhuwan Chandra Kapri,Indian National Congress,Pushkar Singh Dhami,Bharatiya Janata Party  ,6579,Result Declared
76,UK,Kichha,Tilak Raj Behar,Indian National Congress,Rajesh Shukla,Bharatiya Janata Party  ,10077,Result Declared
77,UK,Kotdwar,Ritu Khanduri Bhushan,Bharatiya Janata Party,Surendra Singh Negi,Indian National Congress  ,3687,Result Declared
78,UK,Laksar,Shahzad,Bahujan Samaj Party,Sanjay Gupta,Bharatiya Janata Party  ,10440,Result Declared
79,UK,Lalkuwa,Dr. Mohan Singh Bisht,Bharatiya Janata Party,Harish Rawat,Indian National Congress  ,17527,Result Declared
80,UK,Lansdowne,DALEEP SINGH RAWAT,Bharatiya Janata Party,ANUKRITI GUSAIN RAWAT,Indian National Congress  ,9868,Result Declared
81,UK,Lohaghat,KHUSHAL SINGH ADHIKARI,Indian National Congress,PURAN SINGH FARTYAL,Bharatiya Janata Party  ,6038,Result Declared
82,UK,Manglaur,Sarwat Kareem Ansari,Bahujan Samaj Party,Qazi Mohammad Nizamuddin,Indian National Congress  ,598,Result in Progress
83,UK,Mussoorie,GANESH JOSHI,Bharatiya Janata Party,GODAVARI THAPLI,Indian National Congress  ,15325,Result Declared
84,UK,Nainital,Sarita Arya,Bharatiya Janata Party,Sanjeev Arya,Indian National Congress  ,7881,Result Declared
85,UK,Nanak Matta,GOPAL SINGH RANA,Indian National Congress,PREM SINGH RANA,Bharatiya Janata Party  ,13020,Result Declared
86,UK,Narendranagar,SUBODH UNIYAL,Bharatiya Janata Party,OM GOPAL,Indian National Congress  ,1798,Result Declared
87,UK,Pauri,Rajkumar Pori,Bharatiya Janata Party,Naval Kishor,Indian National Congress  ,5738,Result Declared
88,UK,Pirankaliyar,FURKAN AHMAD,Indian National Congress,MUNISH KUMAR SAINI,Bharatiya Janata Party  ,15743,Result Declared
89,UK,Pithoragarh,Mayukh Mahar,Indian National Congress,Chandra Pant,Bharatiya Janata Party  ,6054,Result Declared
90,UK,Pratapnagar,Vikram Singh Negi,Indian National Congress,Vijay Singh Panwar,Bharatiya Janata Party  ,2341,Result Declared
91,UK,Purola,DURGESHWAR LAL,Bharatiya Janata Party,Malchand,Indian National Congress  ,6296,Result Declared
92,UK,Raipur,UMESH SHARMA KAU,Bharatiya Janata Party,HIRA SINGH BISHT,Indian National Congress  ,30052,Result Declared
93,UK,Rajpur Road,KHAJAN DASS,Bharatiya Janata Party,RAJKUMAR,Indian National Congress  ,11163,Result Declared
94,UK,Ramnagar,DIWAN SINGH BISHT,Bharatiya Janata Party,MAHENDRA SINGH PAL,Indian National Congress  ,4745,Result Declared
95,UK,Ranikhet,PRAMOD NAINWAL,Bharatiya Janata Party,KARAN MAHARA,Indian National Congress  ,2584,Result Declared
96,UK,Rishikesh,PREM CHAND AGGARWAL,Bharatiya Janata Party,JAYENDRA CHAND RAMOLA,Indian National Congress  ,19057,Result Declared
97,UK,Roorkee,Pradeep Batra,Bharatiya Janata Party,YASHPAL RANA,Indian National Congress  ,2277,Result Declared
98,UK,Rudraprayag,BHARAT SINGH CHAUDHARY,Bharatiya Janata Party,PRADEEP PRASAD THAPLIYAL,Indian National Congress  ,9802,Result Declared
99,UK,Rudrapur,Shiv Arora,Bharatiya Janata Party,Meena Sharma,Indian National Congress  ,19750,Result Declared
100,UK,Sahaspur,SAHDEV SINGH PUNDIR,Bharatiya Janata Party,ARYENDRA SHARMA,Indian National Congress  ,8355,Result Declared
101,UK,Salt,Mahesh Jeena,Bharatiya Janata Party,RANJEET SINGH RAWAT,Indian National Congress  ,3688,Result Declared
102,UK,Sitarganj,Saurabh Bahuguna,Bharatiya Janata Party,Navtej Pal Singh,Indian National Congress  ,10938,Result Declared
103,UK,Someshwar,Rekha Arya,Bharatiya Janata Party,Rajendra Barakoti,Indian National Congress  ,5293,Result Declared
104,UK,Srinagar,(Dr) Dhan Singh Rawat,Bharatiya Janata Party,Ganesh Godiyal,Indian National Congress  ,587,Result Declared
105,UK,Tehri,Kishore Upadhyay,Bharatiya Janata Party,Dinesh Dhanai,Uttarakhand Janekta Party  ,951,Result Declared
106,UK,Tharali,Bhupal Ram Tamta,Bharatiya Janata Party,Dr. Jeet Ram,Indian National Congress  ,8302,Result Declared
107,UK,Vikasnagar,Munna Singh Chauhan,Bharatiya Janata Party,Nav Prabhat,Indian National Congress  ,5193,Result Declared
108,UK,Yamkeshwar,RENU BISHT,Bharatiya Janata Party,SHAILENDRA SINGH RAWAT,Indian National Congress  ,10410,Result Declared
109,UK,Yamunotri,Sanjay Dobhal,Independent,Deepak Bijalwan,Indian National Congress  ,6639,Result Declared
110,Manipur,Andro,Thounaojam Shyamkumar,Bharatiya Janata Party,Lourembam Sanjoy Singh,National People's Party  ,1457,Result Declared
111,Manipur,Bishenpur,Konthoujam Govindas Singh,Bharatiya Janata Party,Oinam Nabakishore Singh,Janata Dal (United)  ,1409,Result Declared
112,Manipur,Chandel,SS. Olish,Bharatiya Janata Party,Langhu Paulhring Anal,Naga Peoples Front  ,27341,Result Declared
113,Manipur,Chingai,KHASHIM VASHUM,Naga Peoples Front,NINGAM CHAMROY,National People's Party  ,2336,Result Declared
114,Manipur,Churachandpur,L.M. KHAUTE,Janata Dal (United),V HANGKHANLIAN,Bharatiya Janata Party  ,624,Result Declared
115,Manipur,Heingang,NONGTHOMBAM BIREN SINGH,Bharatiya Janata Party,PANGEIJAM SARATCHANDRA SINGH,Indian National Congress  ,18271,Result Declared
116,Manipur,Heirok,Thokchom Radheshyam Singh,Bharatiya Janata Party,Moirangthem Okendro,Indian National Congress  ,403,Result Declared
117,Manipur,Henglep,Letzamang Haokip,Bharatiya Janata Party,T. Manga Vaiphei,Indian National Congress  ,7848,Result Declared
118,Manipur,Hiyanglam,DR. YUMNAM RADHESHYAM SINGH,Bharatiya Janata Party,DR. HUIDROM JITEN SINGH,Indian National Congress  ,2029,Result Declared
119,Manipur,Jiribam,MD. ACHAB UDDIN,Janata Dal (United),NAMEIRAKPAM BUDHACHANDRA SINGH,Bharatiya Janata Party  ,416,Result Declared
120,Manipur,Kakching,MAYANGLAMBAM RAMESHWAR SINGH,National People's Party,Yengkhom Surchandra Singh,Bharatiya Janata Party  ,1205,Result Declared
121,Manipur,Kangpokpi,Nemcha Kipgen,Bharatiya Janata Party,Soshim Gurung,Janata Dal (United)  ,5396,Result Declared
122,Manipur,Karong,J Kumo Sha,Independent,R Yuh Jonathan Tao,Bharatiya Janata Party  ,3542,Result Declared
123,Manipur,Keirao,Lourembam Rameshwor Meetei,Bharatiya Janata Party,Md. Nasiruddin Khan,National People's Party  ,8209,Result Declared
124,Manipur,Keisamthong,SAPAM NISHIKANT SINGH,Independent,Maheshwar Thounaojam,Republican Party of India (Athawale)  ,187,Result Declared
125,Manipur,Khangabo,Surjakumar Okram,Indian National Congress,Khundrakpam Menjor Mangang,Bharatiya Janata Party  ,7803,Result Declared
126,Manipur,Khetrigao,Sheikh Noorul Hassan,National People's Party,Nahakpam Indrajit Singh,Bharatiya Janata Party  ,742,Result Declared
127,Manipur,Khundrakpam,Thokchom Lokeshwar Singh,Indian National Congress,Thangjam Mohendro Singh,Bharatiya Janata Party  ,215,Result Declared
128,Manipur,Khurai,LEISHANGTHEM SUSINDRO MEITEI,Bharatiya Janata Party,LAITONJAM JAYANANDA SINGH,National People's Party  ,2237,Result Declared
129,Manipur,Konthoujam,Dr. Sapam Ranjan Singh,Bharatiya Janata Party,Konthoujam Sharat Singh,National People's Party  ,394,Result Declared
130,Manipur,Kumbi,Sanasam Premchandra Singh,Bharatiya Janata Party,Ahanthem Shanjoy Singh,Janata Dal (United)  ,372,Result Declared
131,Manipur,Lamlai,Khongbantabam Ibomcha,Bharatiya Janata Party,Kshetrimayum Biren Singh,Janata Dal (United)  ,121,Result Declared
132,Manipur,Lamsang,Sorokhaibam Rajen Singh,Bharatiya Janata Party,Pukhrambam Sumati Devi,National People's Party  ,400,Result Declared
133,Manipur,Langthabal,Karam Shyam,Bharatiya Janata Party,Okram Joy Singh,Indian National Congress  ,2053,Result Declared
134,Manipur,Lilong,Mohd Abdul Nasir,Janata Dal (United),Y. Antas Khan,Bharatiya Janata Party  ,570,Result Declared
135,Manipur,Mao,Losii Dikho,Naga Peoples Front,Woba Joram,Independent  ,8513,Result Declared
136,Manipur,Mayang Imphal,Kongkham Robindro Singh,Bharatiya Janata Party,Dr. Khumujam Ratankumar Singh,Indian National Congress  ,6129,Result Declared
137,Manipur,Moirang,Thongam Shanti Singh,National People's Party,Mairembam Prithviraj Singh,Bharatiya Janata Party  ,2231,Result Declared
138,Manipur,Nambol,THOUNAOJAM BASANTA KUMAR SINGH,Bharatiya Janata Party,NAMEIRAKPAM LOKEN SINGH,Indian National Congress  ,3060,Result Declared
139,Manipur,Naoriya Pakhanglakpa,Sagolshem Kebi Devi,Bharatiya Janata Party,Soibam Subhaschandra Singh,National People's Party  ,531,Result Declared
140,Manipur,Nungba,Dinganglung Gangmei,Bharatiya Janata Party,Gaikhangam,Indian National Congress  ,3786,Result Declared
141,Manipur,Oinam,Irengbam Nalini Devi,National People's Party,Laishram Radhakishore Singh,Bharatiya Janata Party  ,442,Result Declared
142,Manipur,Patsoi,Sapam Kunjakeswor (Keba) Singh,Bharatiya Janata Party,Akoijam Mirabai Devi,Indian National Congress  ,687,Result Declared
143,Manipur,Phungyar,LEISHIYO KEISHING,Naga Peoples Front,AWUNG SHIMRAY HOPINGSON,Bharatiya Janata Party  ,779,Result Declared
144,Manipur,Sagolband,Rajkumar Imo Singh,Bharatiya Janata Party,Dr. Khwairakpam Loken Singh,Janata Dal (United)  ,2656,Result Declared
145,Manipur,Saikot,Paolienlal Haokip,Bharatiya Janata Party,Khaipao Haokip,National People's Party  ,5871,Result Declared
146,Manipur,Saikul,Kimneo Haokip Hangshing,Kuki People’s Alliance,Kenn Raikhan,Independent  ,1249,Result Declared
147,Manipur,Saitu,Haokholet Kipgen,Independent,Ngamthang Haokip,Bharatiya Janata Party  ,2694,Result Declared
148,Manipur,Sekmai,Heikham Dingo Singh,Bharatiya Janata Party,Ayangbam Oken Singh,National People's Party  ,3333,Result Declared
149,Manipur,Singhat,Chinlunthang,Kuki People’s Alliance,Ginsuanhau Zou,Bharatiya Janata Party  ,1919,Result Declared
150,Manipur,Singjamei,Yumnam Khemchand Singh,Bharatiya Janata Party,Oinam Romen Singh,National People's Party  ,2295,Result Declared
151,Manipur,Sugnoo,KANGUJAM RANJIT SINGH,Indian National Congress,MAYANGLAMBAM BINOD,Bharatiya Janata Party  ,1016,Result Declared
152,Manipur,Tadubi,N. Kayisii,National People's Party,M. Francis Ngajokpa,Naga Peoples Front  ,549,Result Declared
153,Manipur,Tamei,Awangbow Newmai,Naga Peoples Front,Z. Kikhonbou Newmai,National People's Party  ,1698,Result Declared
154,Manipur,Tamenglong,Janghemlung Panmei,National People's Party,Huri Golmei,Bharatiya Janata Party  ,1309,Result Declared
155,Manipur,Tengnoupal,LETPAO HAOKIP,Bharatiya Janata Party,D. Korungthang,Naga Peoples Front  ,6411,Result Declared
156,Manipur,Thanga,Tongbram Robindro Singh,Bharatiya Janata Party,Birla Haobijam,Indian National Congress  ,5251,Result Declared
157,Manipur,Thangmeiband,Khumukcham Joykisan Singh,Janata Dal (United),Jotin Waikhom,Bharatiya Janata Party  ,3773,Result Declared
158,Manipur,Thanlon,Vungzagin Valte,Bharatiya Janata Party,Khanthang Tonsing,National People's Party  ,751,Result Declared
159,Manipur,Thongju,Thongam Biswajit Singh,Bharatiya Janata Party,Seram Neken Singh,Indian National Congress  ,6689,Result Declared
160,Manipur,Thoubal,Okram Ibobi Singh,Indian National Congress,Leitanthem Basanta Singh,Bharatiya Janata Party  ,2543,Result Declared
161,Manipur,Tipaimukh,Ngursanglur Sanate,Janata Dal (United),Chalton Lien Amo,Bharatiya Janata Party  ,1249,Result Declared
162,Manipur,Ukhrul,RAM MUIVAH,Naga Peoples Front,ALFRED KANNGAM S. ARTHUR,Indian National Congress  ,942,Result Declared
163,Manipur,Uripok,KHWAIRAKPAM RAGHUMANI SINGH,Bharatiya Janata Party,YUMNAM JOYKUMAR SINGH,National People's Party  ,909,Result Declared
164,Manipur,Wabgai,Dr.USHAM DEBEN SINGH,Bharatiya Janata Party,MD.FAJUR RAHIM,Indian National Congress  ,50,Result Declared
165,Manipur,Wangjing Tentha,Paonam Brojen Singh,Bharatiya Janata Party,Moirangthem Hemanta Singh,Indian National Congress  ,1913,Result Declared
166,Manipur,Wangkhei,Thangjam Arunkumar,Janata Dal (United),Okram Henry,Bharatiya Janata Party  ,753,Result Declared
167,Manipur,Wangkhem,Keisham Meghachandra Singh,Indian National Congress,Yumnam Nabachandra Singh,Bharatiya Janata Party  ,1292,Result Declared
168,Manipur,Wangoi,KHURAIJAM LOKEN SINGH,National People's Party,Oinam Lukhoi Singh,Bharatiya Janata Party  ,3266,Result Declared
169,Manipur,Yaiskul,Thokchom Satyabrata Singh,Bharatiya Janata Party,Huidrom Vikramjit Singh,National People's Party  ,632,Result Declared
170,Punjab,Abohar,SANDEEP JAKHAR,Indian National Congress,KULDEEP KUMAR alias DEEP KAMBOJ,Aam Aadmi Party  ,5471,Result Declared
171,Punjab,Adampur,SUKHWINDER SINGH KOTLI,Indian National Congress,PAWAN KUMAR TINU,Shiromani Akali Dal  ,4567,Result Declared
172,Punjab,Ajnala,KULDEEP SINGH DHALIWAL,Aam Aadmi Party,AMARPAL SINGH BONNY AJNALA,Shiromani Akali Dal  ,7843,Result Declared
173,Punjab,Amargarh,PROF. JASWANT SINGH GAJJAN MAJRA,Aam Aadmi Party,SIMRANJIT SINGH MANN,Shiromani Akali Dal (Amritsar)(Simranjit Singh Mann)  ,6043,Result Declared
174,Punjab,Amloh,Gurinder Singh Garry Birring,Aam Aadmi Party,Gurpreet Singh Raju Khanna,Shiromani Akali Dal  ,24663,Result Declared
175,Punjab,Amritsar Central,AJAY GUPTA,Aam Aadmi Party,OM PARKASH SONI,Indian National Congress  ,14026,Result Declared
176,Punjab,Amritsar East,JEEVAN JYOT KAUR,Aam Aadmi Party,NAVJOT SINGH SIDHU,Indian National Congress  ,6750,Result Declared
177,Punjab,Amritsar North,KUNWAR VIJAY PRATAP SINGH,Aam Aadmi Party,ANIL JOSHI,Shiromani Akali Dal  ,28318,Result Declared
178,Punjab,Amritsar South,INDERBIR SINGH NIJJAR,Aam Aadmi Party,TALBIR SINGH GILL,Shiromani Akali Dal  ,27503,Result Declared
179,Punjab,Amritsar West,DR. JASBIR SINGH SANDHU,Aam Aadmi Party,RAJ KUMAR VERKA,Indian National Congress  ,43913,Result Declared
180,Punjab,Anandpur Sahib,HARJOT SINGH BAINS,Aam Aadmi Party,KANWAR PAL SINGH,Indian National Congress  ,45780,Result Declared
181,Punjab,Atam Nagar,KULWANT SINGH SIDHU,Aam Aadmi Party,KAMALJIT SINGH KARWAL,Indian National Congress  ,16354,Result Declared
182,Punjab,Attari,JASWINDER SINGH,Aam Aadmi Party,GULZAR SINGH RANIKE,Shiromani Akali Dal  ,19794,Result Declared
183,Punjab,Baba Bakala,DALBIR SINGH TONG,Aam Aadmi Party,SANTOKH SINGH BHALAIPUR,Indian National Congress  ,19552,Result Declared
184,Punjab,Balachaur,SANTOSH KUMARI KATARIAA,Aam Aadmi Party,SUNITA RANI,Shiromani Akali Dal  ,4541,Result Declared
185,Punjab,Balluana,AMANDEEP SINGH MUSAFIR,Aam Aadmi Party,VANDANA SANGWAL,Bharatiya Janata Party  ,19173,Result Declared
186,Punjab,Banga,SUKHWINDER KUMAR SUKHI DR.,Shiromani Akali Dal,TARLOCHAN SINGH,Indian National Congress  ,5069,Result Declared
187,Punjab,Barnala,GURMEET SINGH MEET HAYER,Aam Aadmi Party,KULWANT SINGH KEETU,Shiromani Akali Dal  ,37622,Result Declared
188,Punjab,Bassi Pathana,RUPINDER SINGH,Aam Aadmi Party,GURPREET SINGH,Indian National Congress  ,37841,Result Declared
189,Punjab,Batala,AMANSHER SINGH (SHERY KALSI),Aam Aadmi Party,ASHWANI SEKHRI,Indian National Congress  ,28472,Result Declared
190,Punjab,Bathinda Rural,AMIT RATTAN KOTFATTA,Aam Aadmi Party,PARKASH SINGH BHATTI,Shiromani Akali Dal  ,35479,Result Declared
191,Punjab,Bathinda Urban,Jagroop Singh Gill,Aam Aadmi Party,Manpreet Singh Badal,Indian National Congress  ,63581,Result Declared
192,Punjab,Bhadaur,LABH SINGH UGOKE,Aam Aadmi Party,CHARANJIT SINGH CHANNI,Indian National Congress  ,37558,Result Declared
193,Punjab,Bhagha Purana,AMRITPAL SINGH SUKHANAND,Aam Aadmi Party,TIRATH SINGH MAHLA,Shiromani Akali Dal  ,33759,Result Declared
194,Punjab,Bhoa,LAL CHAND,Aam Aadmi Party,JOGINDER PAL,Indian National Congress  ,1204,Result Declared
195,Punjab,Bholath,SUKHPAL SINGH KHAIRA,Indian National Congress,BIBI JAGIR KAUR,Shiromani Akali Dal  ,9225,Result Declared
196,Punjab,Bhucho Mandi,JAGSIR SINGH,Aam Aadmi Party,DARSHAN SINGH KOTFATTA,Shiromani Akali Dal  ,50212,Result Declared
197,Punjab,Budhlada,BUDH RAM,Aam Aadmi Party,Dr. NISHAN SINGH HAKAMWALA,Shiromani Akali Dal  ,51691,Result Declared
198,Punjab,Chabbewal,DR. RAJ KUMAR,Indian National Congress,HARMINDER SINGH,Aam Aadmi Party  ,7646,Result Declared
199,Punjab,Chamkaur Sahib,CHARANJIT SINGH,Aam Aadmi Party,CHARANJIT SINGH CHANNI,Indian National Congress  ,7942,Result Declared
200,Punjab,Dakha,MANPREET SINGH AYALI,Shiromani Akali Dal,CAPT. SANDEEP SINGH SANDHU,Indian National Congress  ,5807,Result Declared
201,Punjab,Dasuya,KARAMBIR SINGH,Aam Aadmi Party,ARUN DOGRA,Indian National Congress  ,8587,Result Declared
202,Punjab,Dera Baba Nanak,SUKHJINDER SINGH RANDHAWA,Indian National Congress,RAVIKARAN SINGH KAHLON,Shiromani Akali Dal  ,466,Result Declared
203,Punjab,Dera Bassi,KULJIT SINGH RANDHAWA,Aam Aadmi Party,DEEPINDER SINGH DHILLON,Indian National Congress  ,21721,Result Declared
204,Punjab,Dharamkot,DEVINDERJEET SINGH LADDI DHOSE,Aam Aadmi Party,SUKHJIT SINGH KAKA LOHGARH,Indian National Congress  ,29972,Result Declared
205,Punjab,Dhuri,BHAGWANT MANN,Aam Aadmi Party,DALVIR SINGH GOLDY,Indian National Congress  ,58206,Result Declared
206,Punjab,Dina Nagar,ARUNA CHAUDHARY,Indian National Congress,SHAMSHER SINGH,Aam Aadmi Party  ,1131,Result Declared
207,Punjab,Dirba,Harpal Singh Cheema,Aam Aadmi Party,Gulzar Singh Moonak,Shiromani Akali Dal  ,50655,Result Declared
208,Punjab,Faridkot,GURDIT SINGH SEKHON,Aam Aadmi Party,PARAMBANS SINGH 'BUNTY ROMANA',Shiromani Akali Dal  ,16797,Result Declared
209,Punjab,Fatehgarh Churian,TRIPT RAJINDER SINGH BAJWA,Indian National Congress,LAKHBIR SINGH LODHINANGAL,Shiromani Akali Dal  ,5545,Result Declared
210,Punjab,Fatehgarh Sahib,Lakhbir Singh Rai,Aam Aadmi Party,Kuljit Singh Nagra,Indian National Congress  ,32199,Result Declared
211,Punjab,Fazilka,NARINDER PAL SINGH SAWNA,Aam Aadmi Party,SURJIT KUMAR JYANI,Bharatiya Janata Party  ,27720,Result Declared
212,Punjab,Firozpur City,RANBIR SINGH,Aam Aadmi Party,PARMINDER SINGH PINKI,Indian National Congress  ,19569,Result Declared
213,Punjab,Firozpur Rural,RAJNEESH KUMAR DAHIYA,Aam Aadmi Party,JOGINDER SINGH JINDU,Shiromani Akali Dal  ,27746,Result Declared
214,Punjab,Garhshankar,JAI KRISHAN,Aam Aadmi Party,AMARPREET SINGH LALLY,Indian National Congress  ,4179,Result Declared
215,Punjab,Ghanaur,GURLAL GHANAUR,Aam Aadmi Party,MADAN LAL,Indian National Congress  ,31765,Result Declared
216,Punjab,Gidderbaha,Amrinder Singh Raja Warring,Indian National Congress,Hardeep Singh Dimpy Dhillon,Shiromani Akali Dal  ,1349,Result Declared
217,Punjab,Gill,Jiwan Singh Sangowal,Aam Aadmi Party,Darshan Singh Shivalik,Shiromani Akali Dal  ,57644,Result Declared
218,Punjab,Gurdaspur,BARINDERMEET SINGH PAHRA,Indian National Congress,GURBACHAN SINGH BABEHALI,Shiromani Akali Dal  ,7335,Result Declared
219,Punjab,Guru Har Sahai,FAUJA SINGH,Aam Aadmi Party,VARDEV SINGH,Shiromani Akali Dal  ,10574,Result Declared
220,Punjab,Hoshiarpur,BRAM SHANKER (JIMPA),Aam Aadmi Party,SUNDER SHAM ARORA,Indian National Congress  ,13859,Result Declared
221,Punjab,Jagraon,SARVJIT KAUR MANUKE,Aam Aadmi Party,S.R. KALER,Shiromani Akali Dal  ,39656,Result Declared
222,Punjab,Jaitu,AMOLAK SINGH,Aam Aadmi Party,MANJIT SINGH ALIAS SUBA SINGH,Shiromani Akali Dal  ,32789,Result Declared
223,Punjab,Jalalabad,JAGDEEP KAMBOJ,Aam Aadmi Party,Sukhbir Singh Badal,Shiromani Akali Dal  ,30930,Result Declared
224,Punjab,Jalandhar Cantt.,PARGAT SINGH POWAR,Indian National Congress,SURINDER SINGH SODHI,Aam Aadmi Party  ,5808,Result Declared
225,Punjab,Jalandhar Central,RAMAN ARORA,Aam Aadmi Party,RAJINDER BERI,Indian National Congress  ,247,Result Declared
226,Punjab,Jalandhar North,Avtar Singh Junior,Indian National Congress,K D Bhandari,Bharatiya Janata Party  ,9486,Result Declared
227,Punjab,Jalandhar West,SHEETAL ANGURAL,Aam Aadmi Party,SUSHIL KUMAR RINKU,Indian National Congress  ,4253,Result Declared
228,Punjab,Jandiala,HARBHAJAN SINGH E.T.O.,Aam Aadmi Party,"SUKHWINDER SINGH ""DANNY"" BANDALA",Indian National Congress  ,25383,Result Declared
229,Punjab,Kapurthala,Rana Gurjeet Singh,Indian National Congress,Manju Rana,Aam Aadmi Party  ,7304,Result Declared
230,Punjab,Kartarpur,BALKAR SINGH,Aam Aadmi Party,CHAUDHARY SURINDER SINGH,Indian National Congress  ,4574,Result Declared
231,Punjab,Khadoor Sahib,MANJINDER SINGH LALPURA,Aam Aadmi Party,RAMANJEET SINGH SAHOTA SIKKI,Indian National Congress  ,16491,Result Declared
232,Punjab,Khanna,TARUNPREET SINGH SOND,Aam Aadmi Party,JASDEEP KAUR YADU,Shiromani Akali Dal  ,35620,Result Declared
233,Punjab,Kharar,Anmol Gagan Maan,Aam Aadmi Party,Ranjit Singh Gill,Shiromani Akali Dal  ,37885,Result Declared
234,Punjab,Khem Karan,SARVAN SINGH DHUN,Aam Aadmi Party,Virsa Singh Valtoha,Shiromani Akali Dal  ,11882,Result Declared
235,Punjab,Kotkapura,KULTAR SINGH SANDHWAN,Aam Aadmi Party,AJAIPAL SINGH SANDHU,Indian National Congress  ,21130,Result Declared
236,Punjab,Lambi,GURMEET SINGH KHUDIAN,Aam Aadmi Party,PARKASH SINGH BADAL,Shiromani Akali Dal  ,11396,Result Declared
237,Punjab,Lehra,Barinder Kumar Goyal Vakeel,Aam Aadmi Party,Parminder Singh Dhindsa,Shiromani Akali Dal (Sanyukt)  ,26518,Result Declared
238,Punjab,Ludhiana Central,Ashok Parashar (Pappi),Aam Aadmi Party,Gurdev Sharma Debi,Bharatiya Janata Party  ,4804,Result Declared
239,Punjab,Ludhiana East,DALJIT SINGH GREWAL (BHOLA),Aam Aadmi Party,SANJEEV TALWAR,Indian National Congress  ,35922,Result Declared
240,Punjab,Ludhiana North,MADAN LAL BAGGA,Aam Aadmi Party,PARVEEN BANSAL,Bharatiya Janata Party  ,15282,Result Declared
241,Punjab,Ludhiana South,RAJINDER PAL KAUR,Aam Aadmi Party,SATINDERPAL SINGH TAJPURI,Bharatiya Janata Party  ,26138,Result Declared
242,Punjab,Ludhiana West,GURPREET BASSI GOGI,Aam Aadmi Party,BHARAT BHUSHAN ASHU,Indian National Congress  ,7512,Result Declared
243,Punjab,Majitha,Ganieve Kaur Majithia,Shiromani Akali Dal,Sukhjinder Raj Singh (Lalli),Aam Aadmi Party  ,26062,Result Declared
244,Punjab,Malerkotla,MOHAMMAD JAMIL UR RAHMAN,Aam Aadmi Party,RAZIA SULTANA,Indian National Congress  ,21686,Result Declared
245,Punjab,Malout,Dr. Baljit Kaur,Aam Aadmi Party,Harpreet Singh,Shiromani Akali Dal  ,40261,Result Declared
246,Punjab,Mansa,Dr.Vijay Singla,Aam Aadmi Party,Shubhdeep Singh Sidhu Moose Wala,Indian National Congress  ,63323,Result Declared
247,Punjab,Maur,SUKHVEER SINGH MAISERKHANA,Aam Aadmi Party,LAKHA SINGH SIDHANA,Independent  ,35008,Result Declared
248,Punjab,Mehal Kalan,Kulwant Singh Pandori,Aam Aadmi Party,Gurjant Singh Kattu,Shiromani Akali Dal (Amritsar)(Simranjit Singh Mann)  ,30347,Result Declared
249,Punjab,Moga,DR. AMANDEEP KAUR ARORA,Aam Aadmi Party,MALVIKA SOOD,Indian National Congress  ,20915,Result Declared
250,Punjab,Mukerian,JANGI LAL MAHAJAN,Bharatiya Janata Party,Prof. GURDHIAN SINGH MULTANI,Aam Aadmi Party  ,2691,Result Declared
251,Punjab,Muktsar,JAGDEEP SINGH 'KAKA BRAR',Aam Aadmi Party,KANWARJIT SINGH,Shiromani Akali Dal  ,34194,Result Declared
252,Punjab,Nabha,GURDEV SINGH DEV MAAN,Aam Aadmi Party,KABIR DASS,Shiromani Akali Dal  ,52600,Result Declared
253,Punjab,Nakodar,Inderjit Kaur Mann,Aam Aadmi Party,Gurpartap Singh Wadala,Shiromani Akali Dal  ,2869,Result Declared
254,Punjab,Nawan Shahr,DR. NACHHATAR PAL,Bahujan Samaj Party,LALIT MOHAN BALLU,Aam Aadmi Party  ,5376,Result Declared
255,Punjab,Nihal Singhwala,MANJIT SINGH BILASPUR,Aam Aadmi Party,BHUPINDER SINGH SAHOKE,Indian National Congress  ,37984,Result Declared
256,Punjab,Pathankot,ASHWANI KUMAR SHARMA,Bharatiya Janata Party,AMIT VIJ,Indian National Congress  ,7759,Result Declared
257,Punjab,Patiala,Ajit Pal Singh Kohli,Aam Aadmi Party,Amarinder Singh,Punjab Lok Congress Party  ,19873,Result Declared
258,Punjab,Patiala Rural,Dr.Balbir Singh,Aam Aadmi Party,Mohit Mohindra,Indian National Congress  ,53474,Result Declared
259,Punjab,Patti,Laljit Singh Bhullar,Aam Aadmi Party,Adaish Partap Singh Kairon,Shiromani Akali Dal  ,10999,Result Declared
260,Punjab,Payal,MANWINDER SINGH GIASPURA,Aam Aadmi Party,LAKHVIR SINGH,Indian National Congress  ,33009,Result Declared
261,Punjab,Phagwara,Balwinder Singh Dhaliwal,Indian National Congress,Joginder Singh Mann,Aam Aadmi Party  ,2712,Result Declared
262,Punjab,Phillaur,Vikramjit Singh Chaudhary,Indian National Congress,Baldev Singh Khaira,Shiromani Akali Dal  ,12303,Result Declared
263,Punjab,Qadian,PARTAP SINGH BAJWA,Indian National Congress,GURIQBAL SINGH MAHAL,Shiromani Akali Dal  ,7174,Result Declared
264,Punjab,Raikot,HAKAM SINGH THEKEDAR,Aam Aadmi Party,KAMIL AMAR SINGH,Indian National Congress  ,27644,Result Declared
265,Punjab,Raja Sansi,SUKHBINDER SINGH SARKARIA,Indian National Congress,VIR SINGH LOPOKE,Shiromani Akali Dal  ,5474,Result Declared
266,Punjab,Rajpura,Neena Mittal,Aam Aadmi Party,Jagdish Kumar Jagga,Bharatiya Janata Party  ,22493,Result Declared
267,Punjab,Rampura Phul,Balkar Singh Sidhu,Aam Aadmi Party,Sikander Singh Maluka,Shiromani Akali Dal  ,10410,Result Declared
268,Punjab,Rupnagar,DINESH KUMAR CHADHA,Aam Aadmi Party,BRINDER SINGH DHILLON,Indian National Congress  ,23632,Result Declared
269,Punjab,S.A.S. Nagar,KULWANT SINGH,Aam Aadmi Party,BALBIR SINGH SIDHU,Indian National Congress  ,34097,Result Declared
270,Punjab,Sahnewal,HARDEEP SINGH MUNDIAN,Aam Aadmi Party,VIKRAM SINGH BAJWA,Indian National Congress  ,15193,Result Declared
271,Punjab,Samana,CHETAN SINGH JOURAMAJRA,Aam Aadmi Party,SURJIT SINGH RAKHRA,Shiromani Akali Dal  ,39713,Result Declared
272,Punjab,Samrala,JAGTAR SINGH DIYALPURA,Aam Aadmi Party,PARAMJIT SINGH DHILLON,Shiromani Akali Dal  ,30890,Result Declared
273,Punjab,Sangrur,Narinder Kaur Bharaj,Aam Aadmi Party,Vijay Inder Singla,Indian National Congress  ,36430,Result Declared
274,Punjab,Sanour,HARMIT SINGH PATHANMAJRA,Aam Aadmi Party,HARINDER PAL SINGH CHANDUMAJRA,Shiromani Akali Dal  ,49122,Result Declared
275,Punjab,Sardulgarh,Gurpreet Singh Banawali,Aam Aadmi Party,Bikram Singh,Indian National Congress  ,41371,Result Declared
276,Punjab,Shahkot,Hardev Singh Laddi,Indian National Congress,Bachitar Singh Kohar,Shiromani Akali Dal  ,12079,Result Declared
277,Punjab,Sham Chaurasi,DR.RAVJOT SINGH,Aam Aadmi Party,PAWAN KUMAR ADIA,Indian National Congress  ,21356,Result Declared
278,Punjab,Shutrana,Kulwant Singh Bazigar,Aam Aadmi Party,Vaninder Kaur Loomba,Shiromani Akali Dal  ,51554,Result Declared
279,Punjab,Sri Hargobindpur,AMARPAL SINGH,Aam Aadmi Party,RAJANBIR SINGH,Shiromani Akali Dal  ,16963,Result Declared
280,Punjab,Sujanpur,NARESH PURI,Indian National Congress,DINESH SINGH (BABBU),Bharatiya Janata Party  ,4636,Result Declared
281,Punjab,Sultanpur Lodhi,RANA INDER PARTAP SINGH,Independent,SAJJAN SINGH CHEEMA,Aam Aadmi Party  ,11434,Result Declared
282,Punjab,Sunam,AMAN ARORA,Aam Aadmi Party,JASWINDER SINGH DHIMAN S/o AMARJIT SINGH,Indian National Congress  ,75277,Result Declared
283,Punjab,Talwandi Sabo,Prof. Baljinder Kaur,Aam Aadmi Party,Jeetmohinder Singh Sidhu,Shiromani Akali Dal  ,15252,Result Declared
284,Punjab,Tarn Taran,Dr. Kashmir Singh Sohal,Aam Aadmi Party,Harmeet Singh Sandhu,Shiromani Akali Dal  ,13588,Result Declared
285,Punjab,Urmar,Jasvir Singh Raja Gill,Aam Aadmi Party,Sangat Singh Gilzian,Indian National Congress  ,4190,Result Declared
286,Punjab,Zira,Naresh Kataria,Aam Aadmi Party,Janmeja Singh Sekhon,Shiromani Akali Dal  ,22776,Result Declared
287,UP,Agra Cantt.,Dr. G S Dharmesh,Bharatiya Janata Party,Kunwar Chand,Samajwadi Party  ,48697,Result Declared
288,UP,Agra North,PURUSHOTTAM KHANDELWAL,Bharatiya Janata Party,SHABBIR ABBAS,Bahujan Samaj Party  ,112370,Result Declared
289,UP,Agra Rural,BABY RANI MAURYA,Bharatiya Janata Party,KIRAN PRABHA KESHARI,Bahujan Samaj Party  ,76608,Result Declared
290,UP,Agra South,YOGENDRA UPADHYAYA,Bharatiya Janata Party,VINAY AGARWAL,Samajwadi Party  ,56640,Result Declared
291,UP,Ajagara,TRIBHUWAN RAM,Bharatiya Janata Party,SUNIL SONKAR,Suheldev Bharatiya Samaj Party  ,9160,Result Declared
292,UP,Akbarpur,RAM ACHAL RAJBHAR,Samajwadi Party,DHARMRAJ NISHAD,Bharatiya Janata Party  ,12336,Result Declared
293,UP,Akbarpur - Raniya,Pratibha Shukla,Bharatiya Janata Party,Dr. Ram Prakash Kushwaha,Samajwadi Party  ,13417,Result Declared
294,UP,Alapur,Tribhuwan Dutt,Samajwadi Party,Triveniram,Bharatiya Janata Party  ,9383,Result Declared
295,UP,Aliganj,SATYAPAL SINGH RATHORE,Bharatiya Janata Party,RAMESHWAR SINGH YADAV,Samajwadi Party  ,3810,Result Declared
296,UP,Aligarh,MUKTA RAJA,Bharatiya Janata Party,ZAFAR ALAM,Samajwadi Party  ,12786,Result Declared
297,UP,Allahabad North,HARSHVARDHAN BAJPAI,Bharatiya Janata Party,SANDEEP YADAV,Samajwadi Party  ,54883,Result Declared
298,UP,Allahabad South,"NAND GOPAL GUPTA ""NANDI""",Bharatiya Janata Party,RAISH CHANDRA SHUKLA,Samajwadi Party  ,26182,Result Declared
299,UP,Allahabad West,SIDHARTH NATH SINGH,Bharatiya Janata Party,RICHA SINGH,Samajwadi Party  ,29933,Result Declared
300,UP,Amanpur,HARIOM,Bharatiya Janata Party,SATYABHAN,Samajwadi Party  ,43329,Result Declared
301,UP,Amethi,MAHARAJI PRAJAPATI,Samajwadi Party,DR.SANJAY SINH,Bharatiya Janata Party  ,18096,Result Declared
302,UP,Amritpur,Sushil Kumar Shakya,Bharatiya Janata Party,Dr. JITENDRA SINGH YADAV,Samajwadi Party  ,44686,Result Declared
303,UP,Amroha,MEHBOOB ALI,Samajwadi Party,RAM SINGH,Bharatiya Janata Party  ,71036,Result Declared
304,UP,Anupshahr,Sanjay Kumar Sharma,Bharatiya Janata Party,Rameshvar,Bahujan Samaj Party  ,77623,Result Declared
305,UP,Aonla,DHARMPAL SINGH,Bharatiya Janata Party,PT. RADHA KRISHAN SHARMA,Samajwadi Party  ,18424,Result Declared
306,UP,Arya Nagar,AMITABH BAJPAI,Samajwadi Party,SURESH AWASTHI,Bharatiya Janata Party  ,7924,Result Declared
307,UP,Asmoli,PINKI SINGH,Samajwadi Party,HARENDRA KUMAR,Bharatiya Janata Party  ,25206,Result Declared
308,UP,Atrauli,SANDEEP KUMAR SINGH,Bharatiya Janata Party,VIRESH YADAV,Samajwadi Party  ,39324,Result Declared
309,UP,Atrauliya,DR. SANGRAM,Samajwadi Party,PRASHANT SINGH,Nirbal Indian Shoshit Hamara Aam Dal  ,17247,Result Declared
310,UP,Aurai,Dinanath Bhashkar,Bharatiya Janata Party,Anjani,Samajwadi Party  ,1647,Result Declared
311,UP,Auraiya,Gudiya Katheriya,Bharatiya Janata Party,Jitendra Kumar Dohare,Samajwadi Party  ,22447,Result Declared
312,UP,Ayah Shah,Vikas Gupta,Bharatiya Janata Party,VISHAMBHAR PRASAD NISHAD,Samajwadi Party  ,13006,Result Declared
313,UP,Ayodhya,VED PRAKASH,Bharatiya Janata Party,TEJ NARAYAN,Samajwadi Party  ,19990,Result Declared
314,UP,Azamgarh,DURGA PRASAD YADAV,Samajwadi Party,AKHILESH KUMAR MISHRA,Bharatiya Janata Party  ,16036,Result Declared
315,UP,Babaganj,VINOD KUMAR,Jansatta Dal Loktantrik,GIRISH CHANDRA,Samajwadi Party  ,15767,Result Declared
316,UP,Baberu,VISHAMBHAR SINGH YADAV,Samajwadi Party,AJAY KUMAR,Bharatiya Janata Party  ,7393,Result Declared
317,UP,Babina,Rajeev Singh ''Parichha'',Bharatiya Janata Party,Yashpal Singh Yadav,Samajwadi Party  ,44529,Result Declared
318,UP,Bachhrawan,SHYAM SUNDER,Samajwadi Party,LAXMIKANT,Apna Dal (Soneylal)  ,2812,Result Declared
319,UP,Badaun,Mahesh Chandra Gupta,Bharatiya Janata Party,Rais Ahmad,Samajwadi Party  ,11179,Result Declared
320,UP,Badlapur,RAMESH CHANDRA MISHRA,Bharatiya Janata Party,OMPRAKASH BABA DUBEY,Samajwadi Party  ,2014,Result in Progress
321,UP,Baghpat,Yogesh Dhama,Bharatiya Janata Party,Mohd Ahmed Hameed,Rashtriya Lok Dal  ,6733,Result Declared
322,UP,Bah,Rani Pakshalika Singh,Bharatiya Janata Party,Madhusudan Sharma,Samajwadi Party  ,24235,Result Declared
323,UP,Baheri,ATAUR REHMAN,Samajwadi Party,CHHATRA PAL SINGH,Bharatiya Janata Party  ,3355,Result Declared
324,UP,Bahraich,ANUPMA JAISWAL,Bharatiya Janata Party,YASAR SHAH,Samajwadi Party  ,4078,Result Declared
325,UP,Bairia,JAI PRAKASH ANCHAL,Samajwadi Party,ANAND SWARUP SHUKLA,Bharatiya Janata Party  ,12951,Result Declared
326,UP,Bakshi Kaa Talab,YOGESH SHUKLA,Bharatiya Janata Party,GOMTI YADAV,Samajwadi Party  ,27788,Result Declared
327,UP,Balamau,Rampal Verma,Bharatiya Janata Party,Rambali Verma,Samajwadi Party  ,26244,Result Declared
328,UP,Baldev,PURAN PRAKASH,Bharatiya Janata Party,BABITA DEVI,Rashtriya Lok Dal  ,25255,Result Declared
329,UP,Balha,SAROJ SONKAR,Bharatiya Janata Party,AKSHAYBAR NATH KANAUJIYA,Samajwadi Party  ,16573,Result Declared
330,UP,Ballia Nagar,Daya Shankar Singh,Bharatiya Janata Party,NARAD RAI,Samajwadi Party  ,26239,Result Declared
331,UP,Balrampur,PALTOO RAM,Bharatiya Janata Party,JAGRAM PASWAN,Samajwadi Party  ,10971,Result Declared
332,UP,Banda,PRAKASH DWIVEDI,Bharatiya Janata Party,MANJULA SINGH,Samajwadi Party  ,15214,Result Declared
333,UP,Bangermau,Shrikant Katiyar,Bharatiya Janata Party,Dr. Munna,Samajwadi Party  ,15793,Result Declared
334,UP,Bansdih,KETAKEE SINGH,Bharatiya Janata Party,RAM GOVIND,Samajwadi Party  ,21352,Result Declared
335,UP,Bansgaon,DR. VIMLESH PASWAN,Bharatiya Janata Party,DR. SANJAY KUMAR,Samajwadi Party  ,32309,Result Declared
336,UP,Bansi,Jai Pratap Singh,Bharatiya Janata Party,Naveen,Samajwadi Party  ,20340,Result Declared
337,UP,Bara,VACHASPATI,Apna Dal (Soneylal),AJAY,Samajwadi Party  ,12524,Result Declared
338,UP,Barabanki,Dharmraj Singh Yadav,Samajwadi Party,Dr. Ramkumari Maurya,Bharatiya Janata Party  ,35050,Result Declared
339,UP,Barauli,Thakur Jaiveer Singh,Bharatiya Janata Party,NARENDRA KUMAR SHARMA,Bahujan Samaj Party  ,90645,Result Declared
340,UP,Baraut,KRISHAN PAL MALIK,Bharatiya Janata Party,JAIVEER,Rashtriya Lok Dal  ,315,Result Declared
341,UP,Bareilly,DR ARUN KUMAR,Bharatiya Janata Party,RAJESH KUMAR AGARWAL,Samajwadi Party  ,32320,Result Declared
342,UP,Bareilly Cantt.,SANJEEV AGARWAL,Bharatiya Janata Party,SUPRIYA ARON,Samajwadi Party  ,10768,Result Declared
343,UP,Barhaj,DEEPAK KUMAR MISHR,Bharatiya Janata Party,MURLI MANOHAR JAISWAL,Samajwadi Party  ,16861,Result Declared
344,UP,Barhapur,KUNWAR SUSHANT SINGH,Bharatiya Janata Party,KAPIL KUMAR,Samajwadi Party  ,14345,Result Declared
345,UP,Barkhera,JAYDRATH URF PRAVAKTANAND,Bharatiya Janata Party,HEMRAJ VERMA,Samajwadi Party  ,81472,Result Declared
346,UP,Basti Sadar,Mahendra Nath Yadav,Samajwadi Party,Dayaram Chaudhary,Bharatiya Janata Party  ,787,Result in Progress
347,UP,Behat,Umar Ali Khan,Samajwadi Party,Naresh Saini,Bharatiya Janata Party  ,37880,Result Declared
348,UP,Belthara Road,Hansu Ram,Suheldev Bharatiya Samaj Party,Chhathu Ram,Bharatiya Janata Party  ,5514,Result Declared
349,UP,Bhadohi,ZAHID,Samajwadi Party,RAVINDRA NATH TRIPATHI,Bharatiya Janata Party  ,4885,Result Declared
350,UP,Bhagwantnagar,Ashutosh Shukla,Bharatiya Janata Party,Ankit Parihar,Samajwadi Party  ,43010,Result Declared
351,UP,Bharthana,RAGHVENDRA KUMAR SINGH,Samajwadi Party,SIDDHARTH SHANKER,Bharatiya Janata Party  ,7559,Result Declared
352,UP,Bhatpar Rani,SABHAKUNWAR,Bharatiya Janata Party,ASHUTOSH UPADHYAY,Samajwadi Party  ,18082,Result Declared
353,UP,Bhinga,Indrani Devi,Samajwadi Party,Padam Sen Chaudhary,Bharatiya Janata Party  ,13574,Result Declared
354,UP,Bhognipur,RAKESH SACHAN,Bharatiya Janata Party,NARENDRA PAL SINGH,Samajwadi Party  ,11893,Result Declared
355,UP,Bhojipura,SHAZIL ISLAM ANSARI,Samajwadi Party,BAHORAN LAL MAURYA,Bharatiya Janata Party  ,9409,Result Declared
356,UP,Bhojpur,Nagendra Singh Rathour,Bharatiya Janata Party,Arshad Jamal Siddiqui,Samajwadi Party  ,27458,Result Declared
357,UP,Bhongaon,Ram Naresh Agnihotri,Bharatiya Janata Party,Alok Kumar Shakya,Samajwadi Party  ,4767,Result Declared
358,UP,Bidhuna,Rekha Verma,Samajwadi Party,Riya Shakya,Bharatiya Janata Party  ,7765,Result Declared
359,UP,Bijnor,Suchi,Bharatiya Janata Party,Neeraj Chaudhary,Rashtriya Lok Dal  ,1445,Result Declared
360,UP,Bikapur,AMIT SINGH CHAUHAN,Bharatiya Janata Party,FIROZ KHAN,Samajwadi Party  ,5560,Result Declared
361,UP,Bilari,MOHAMMAD FAHEEM IRFAN,Samajwadi Party,PARMESHWAR LAL,Bharatiya Janata Party  ,7610,Result Declared
362,UP,Bilaspur,Baldev Singh Aulakh,Bharatiya Janata Party,Amarjeet Singh,Samajwadi Party  ,307,Result Declared
363,UP,Bilgram-Mallanwan,ASHISH KUMAR SINGH 'ASHU',Bharatiya Janata Party,BRIJESH KUMAR VERMA,Samajwadi Party  ,24890,Result Declared
364,UP,Bilhaur,MOHIT SONKAR,Bharatiya Janata Party,RACHNA SINGH,Samajwadi Party  ,42351,Result Declared
365,UP,Bilsi,HARISH CHANDRA,Bharatiya Janata Party,CHANDRA PRAKASH MAURYA,Samajwadi Party  ,25115,Result Declared
366,UP,Bindki,Jay Kumar Singh Jaiki,Apna Dal (Soneylal),Rameshwar Dayal,Samajwadi Party  ,3797,Result Declared
367,UP,Bisalpur,VIVEK KUMAR VERMA,Bharatiya Janata Party,DIVYA GANGWAR,Samajwadi Party  ,50409,Result Declared
368,UP,Bisauli,ASHUTOSH MAURYA URF RAJU,Samajwadi Party,KUSHAGRA SAGAR,Bharatiya Janata Party  ,1834,Result Declared
369,UP,Biswan,NIRMAL VERMA,Bharatiya Janata Party,AFZAAL KAUSAR,Samajwadi Party  ,10478,Result Declared
370,UP,Bithari Chainpur,DR. RAGHAVENDRA SHARMA,Bharatiya Janata Party,AGAM KUMAR MAURYA,Samajwadi Party  ,15841,Result Declared
371,UP,Bithoor,ABHIJEET SINGH,Bharatiya Janata Party,MUNINDRA SHUKLA,Samajwadi Party  ,21073,Result Declared
372,UP,Budhana,Rajpal Singh Baliyan,Rashtriya Lok Dal,Umesh Malik,Bharatiya Janata Party  ,28310,Result Declared
373,UP,Bulandshahr,Pradeep Kumar Chaudhary,Bharatiya Janata Party,Mohammad Yunus,Rashtriya Lok Dal  ,25830,Result Declared
374,UP,Caimpiyarganj,FATEH BAHADUR,Bharatiya Janata Party,KAJAL NISHAD,Samajwadi Party  ,42656,Result Declared
375,UP,Chail,Pooja Pal,Samajwadi Party,Nagendra Pratap Singh Patel,Apna Dal (Soneylal)  ,13209,Result Declared
376,UP,Chakia,KAILASH,Bharatiya Janata Party,JITENDRA KUMAR,Samajwadi Party  ,9251,Result Declared
377,UP,Chamraua,Naseer Ahmad Khan,Samajwadi Party,Mohan Kumar Lodhi,Bharatiya Janata Party  ,34290,Result Declared
378,UP,Chandausi,GULAB DEBI,Bharatiya Janata Party,KM VIMLESH KUMARI,Samajwadi Party  ,35367,Result Declared
379,UP,Chandpur,SWAMI OMVESH,Samajwadi Party,KAMLESH SAINI,Bharatiya Janata Party  ,234,Result Declared
380,UP,Charkhari,BRIJBHUSHAN RAJPUT,Bharatiya Janata Party,RAMJEEVAN,Samajwadi Party  ,41881,Result Declared
381,UP,Charthawal,Pankaj Kumar Malik,Samajwadi Party,Sapna Kashyap,Bharatiya Janata Party  ,5334,Result Declared
382,UP,Chauri-Chaura,SARVAN KUMAR NISHAD,Bharatiya Janata Party,BRIJESH CHANDRA LAL,Samajwadi Party  ,41127,Result Declared
383,UP,Chhanbey,RAHUL PRAKASH KOL,Apna Dal (Soneylal),KIRTI,Samajwadi Party  ,38113,Result Declared
384,UP,Chhaprauli,Ajay Kumar,Rashtriya Lok Dal,Sahender Singh Ramala,Bharatiya Janata Party  ,29508,Result Declared
385,UP,Chharra,RAVENDRA PAL SINGH,Bharatiya Janata Party,LAXMI DHANGAR,Samajwadi Party  ,24327,Result Declared
386,UP,Chhata,LAXMI NARAYAN,Bharatiya Janata Party,TEJPAL SINGH,Rashtriya Lok Dal  ,48948,Result Declared
387,UP,Chhibramau,Archana Pandey,Bharatiya Janata Party,Arvind Singh Yadav,Samajwadi Party  ,1111,Result Declared
388,UP,Chillupar,RAJESH TRIPATHI,Bharatiya Janata Party,VINAY SHANKAR,Samajwadi Party  ,21645,Result Declared
389,UP,Chitrakoot,ANIL KUMAR ANIL PRADHAN,Samajwadi Party,CHANDRIKA PRASAD UPADHYAY,Bharatiya Janata Party  ,20876,Result Declared
390,UP,Chunar,ANURAG SINGH,Bharatiya Janata Party,RAMASHANKAR PRASAD SINGH,Apna Dal (Kamerawadi)  ,47614,Result Declared
391,UP,Colonelganj,AJAY,Bharatiya Janata Party,YOGESH PRATAP SINGH URF YOGESH BHAIYA,Samajwadi Party  ,35472,Result Declared
392,UP,Dadraul,MANVENDRA SINGH,Bharatiya Janata Party,Rajesh Kumar Verma,Samajwadi Party  ,9701,Result Declared
393,UP,Dadri,TEJPAL SINGH NAGAR,Bharatiya Janata Party,RAJKUMAR BHATI,Samajwadi Party  ,138218,Result Declared
394,UP,Dariyabad,Satish Chandra Sharma,Bharatiya Janata Party,Arvind Kumar Singh Gope,Samajwadi Party  ,32402,Result Declared
395,UP,Dataganj,RAJEEV SINGH URF BABBU BHAIYA,Bharatiya Janata Party,ARJUN SINGH,Samajwadi Party  ,9476,Result Declared
396,UP,Debai,CHANDRAPAL SINGH,Bharatiya Janata Party,HARISH KUMAR,Samajwadi Party  ,68025,Result Declared
397,UP,Deoband,BRIJESH,Bharatiya Janata Party,Kartikey Rana,Samajwadi Party  ,7104,Result Declared
398,UP,Deoria,SHALABH MANI TRIPATHI,Bharatiya Janata Party,Ajay Pratap Singh Alias Pintu,Samajwadi Party  ,40655,Result Declared
399,UP,Dhampur,ASHOK KUMAR RANA,Bharatiya Janata Party,NAIM UL HASAN,Samajwadi Party  ,203,Result Declared
400,UP,Dhanaura,RAJEEV KUMAR,Bharatiya Janata Party,VIVEK SINGH,Samajwadi Party  ,11425,Result Declared
401,UP,Dhanghata,GANESH CHANDRA,Bharatiya Janata Party,ALAGU PRASAD,Suheldev Bharatiya Samaj Party  ,10553,Result Declared
402,UP,Dhaulana,DHARMESH SINGH TOMAR,Bharatiya Janata Party,ASLAM ALI,Samajwadi Party  ,12628,Result Declared
403,UP,Dhaurahra,VINOD SHANKAR,Bharatiya Janata Party,VARUN SINGH,Samajwadi Party  ,24610,Result Declared
404,UP,Dibiyapur,Pradeep Kumar Yadav,Samajwadi Party,Lakhan Singh Rajput,Bharatiya Janata Party  ,473,Result Declared
405,UP,Didarganj,KAMALKANT,Samajwadi Party,KRISHNAMURARI,Bharatiya Janata Party  ,13561,Result Declared
406,UP,Domariyaganj,SAIYADA KHATOON,Samajwadi Party,RAGHVENDRA PRATAP SINGH,Bharatiya Janata Party  ,771,Result Declared
407,UP,Duddhi,RAMDULAR,Bharatiya Janata Party,VIJAY SINGH,Samajwadi Party  ,6297,Result Declared
408,UP,Etah,Vipin kumar David,Bharatiya Janata Party,Jugendra Singh Yadav,Samajwadi Party  ,17247,Result Declared
409,UP,Etawah,Sarita,Bharatiya Janata Party,Sarvesh Kumar Shakya,Samajwadi Party  ,3984,Result Declared
410,UP,Etmadpur,DR. DHARMPAL SINGH,Bharatiya Janata Party,PRAVAL PRATAP SINGH,Bahujan Samaj Party  ,47924,Result Declared
411,UP,Faridpur,PROF. SHYAM BIHARI LAL,Bharatiya Janata Party,VIJAY PAL SINGH,Samajwadi Party  ,2921,Result Declared
412,UP,Farrukhabad,Major Sunil Dutt Dwivedi,Bharatiya Janata Party,Suman Shakya,Samajwadi Party  ,39316,Result Declared
413,UP,Fatehabad,Chhotey Lal Verma,Bharatiya Janata Party,Roopali Dixit,Samajwadi Party  ,53235,Result Declared
414,UP,Fatehpur,Chandra Prakash,Samajwadi Party,VIKRAM SINGH,Bharatiya Janata Party  ,8601,Result Declared
415,UP,Fatehpur Sikri,Babulal,Bharatiya Janata Party,Brijesh Kumar,Rashtriya Lok Dal  ,47269,Result Declared
416,UP,Fazilnagar,Surendra Kumar Kushwaha,Bharatiya Janata Party,Swami Prasad Maurya,Samajwadi Party  ,45014,Result Declared
417,UP,Firozabad,MANISH ASIJA,Bharatiya Janata Party,SAIFURRAHAMAN URF CHHUTTAN BHAI,Samajwadi Party  ,32955,Result Declared
418,UP,Gainsari,DR. SHIV PRATAP YADAV,Samajwadi Party,"SHAILESH KUMAR SINGH ""SHAILU""",Bharatiya Janata Party  ,5837,Result Declared
419,UP,Gangoh,KIRAT SINGH,Bharatiya Janata Party,INDER SAIN,Samajwadi Party  ,23449,Result Declared
420,UP,Garautha,Jawahar Lal Rajput,Bharatiya Janata Party,Deep Narayan Singh (Deepak Yadav),Samajwadi Party  ,33662,Result Declared
421,UP,Garhmukteshwar,HARENDRA SINGH,Bharatiya Janata Party,RAVINDER CHAUDHARY,Samajwadi Party  ,26306,Result Declared
422,UP,Gaura,Prabhat Kumar Verma,Bharatiya Janata Party,Sanjay Kumar,Samajwadi Party  ,22974,Result Declared
423,UP,Gauriganj,Rakesh Pratap Singh,Samajwadi Party,Chandra Prakash Mishra Matiyari,Bharatiya Janata Party  ,6963,Result Declared
424,UP,Ghatampur,SAROJ,Apna Dal (Soneylal),BHAGWATI PRASAD,Samajwadi Party  ,14474,Result Declared
425,UP,Ghaziabad,Atul Garg,Bharatiya Janata Party,Vishal Verma,Samajwadi Party  ,105537,Result Declared
426,UP,Ghazipur,JAIKISHAN,Samajwadi Party,DR. SANGEETA BALWANT,Bharatiya Janata Party  ,1692,Result Declared
427,UP,Ghorawal,Dr. Anil Kumar Maurya,Bharatiya Janata Party,Ramesh Chandra Dubey,Samajwadi Party  ,23922,Result Declared
428,UP,Ghosi,DARA SINGH CHAUHAN,Samajwadi Party,VIJAY KUMAR RAJBHAR,Bharatiya Janata Party  ,22216,Result Declared
429,UP,Gola Gokrannath,Arvind Giri,Bharatiya Janata Party,Vinay Tiwari,Samajwadi Party  ,29294,Result Declared
430,UP,Gonda,PRATEEK BHUSHAN SINGH,Bharatiya Janata Party,SURAJ SINGH,Samajwadi Party  ,6699,Result Declared
431,UP,Gopalpur,NAFEES AHMAD,Samajwadi Party,SATYENDRA RAI,Bharatiya Janata Party  ,24307,Result Declared
432,UP,Gopamau,Shyam Prakash,Bharatiya Janata Party,Rajeshwari,Samajwadi Party  ,7998,Result Declared
433,UP,Gorakhpur Rural,BIPIN SINGH,Bharatiya Janata Party,VIJAY BAHADUR YADAV,Samajwadi Party  ,24070,Result Declared
434,UP,Gorakhpur Urban,ADITYANATH,Bharatiya Janata Party,SUBHAWATI UPENDRA DUTT SHUKLA,Samajwadi Party  ,103390,Result Declared
435,UP,Goshainganj,ABHAY SINGH,Samajwadi Party,ARTI TIWARI,Bharatiya Janata Party  ,13079,Result Declared
436,UP,Goverdhan,MEGHSHYAM,Bharatiya Janata Party,RAJKUMAR RAWAT,Bahujan Samaj Party  ,42507,Result Declared
437,UP,Govindnagar,SURENDRA MAITHANI,Bharatiya Janata Party,VIKAS YADAV,Samajwadi Party  ,80896,Result Declared
438,UP,Gunnaur,Ramkhiladi Singh,Samajwadi Party,AJEET KUMAR URF RAJU YADAV,Bharatiya Janata Party  ,29529,Result Declared
439,UP,Gyanpur,VIPUL DUBEY,Nirbal Indian Shoshit Hamara Aam Dal,RAM KISHORE BIND,Samajwadi Party  ,6231,Result Declared
440,UP,Haidergarh,Dinesh Rawat,Bharatiya Janata Party,Ram Magan,Samajwadi Party  ,25691,Result Declared
441,UP,Hamirpur,DR. MANOJ KUMAR,Bharatiya Janata Party,RAM PRAKASH,Samajwadi Party  ,25485,Result Declared
442,UP,Handia,HAKIM LAL BIND,Samajwadi Party,PRASHANT KUMAR SINGH RAHUL,Nirbal Indian Shoshit Hamara Aam Dal  ,3543,Result Declared
443,UP,Hapur,VIJAYPAL (AADHTI),Bharatiya Janata Party,GAJRAJ SINGH,Rashtriya Lok Dal  ,7034,Result Declared
444,UP,Harchandpur,RAHUL RAJPOOT,Samajwadi Party,RAKESH SINGH,Bharatiya Janata Party  ,14489,Result Declared
445,UP,Hardoi,Nitin Agarwal,Bharatiya Janata Party,Anil Verma,Samajwadi Party  ,42411,Result Declared
446,UP,Hargaon,SURESH RAHI,Bharatiya Janata Party,RAMHET BHARTI,Samajwadi Party  ,38160,Result Declared
447,UP,Harraiya,AJAY SINGH,Bharatiya Janata Party,TARAYAMBAK NATH,Samajwadi Party  ,18329,Result Declared
448,UP,Hasanpur,MAHENDRA,Bharatiya Janata Party,MUKHYA GURJAR,Samajwadi Party  ,22382,Result Declared
449,UP,Hastinapur,Dinesh,Bharatiya Janata Party,Yogesh Verma,Samajwadi Party  ,7312,Result Declared
450,UP,Hata,MOHAN,Bharatiya Janata Party,Ranvijay Singh,Samajwadi Party  ,59365,Result Declared
451,UP,Hathras,ANJULA SINGH MAHAUR,Bharatiya Janata Party,SANJEEV KUMAR,Bahujan Samaj Party  ,100856,Result Declared
452,UP,Husainganj,USHA MAURYA,Samajwadi Party,RANVENDRA PRATAP SINGH,Bharatiya Janata Party  ,25181,Result Declared
453,UP,Iglas,RAJKUMAR SAHYOGI,Bharatiya Janata Party,BIRPAL SINGH,Rashtriya Lok Dal  ,59163,Result Declared
454,UP,Isauli,MOHD TAHIR KHAN,Samajwadi Party,OM PRAKASH PANDEY,Bharatiya Janata Party  ,269,Result Declared
455,UP,Itwa,MATA PRASAD PANDEY,Samajwadi Party,SATISH CHANDRA,Bharatiya Janata Party  ,1662,Result Declared
456,UP,Jagdishpur,SURESH KUMAR,Bharatiya Janata Party,VIJAY KUMAR,Indian National Congress  ,22824,Result Declared
457,UP,Jahanabad,RAJENDRA SINGH PATEL,Bharatiya Janata Party,MADAN GOPAL,Samajwadi Party  ,18192,Result Declared
458,UP,Jakhanian,BEDI,Suheldev Bharatiya Samaj Party,RAMRAJ,Bharatiya Janata Party  ,36865,Result Declared
459,UP,Jalalabad,Hari Prakash Verma,Bharatiya Janata Party,Neeraj Nalinish,Samajwadi Party  ,4572,Result Declared
460,UP,Jalalpur,Rakesh Pandey,Samajwadi Party,Dr. Rajesh Singh,Bahujan Samaj Party  ,13630,Result Declared
461,UP,Jalesar,SANJEEV KUMAR,Bharatiya Janata Party,RANJEET SUMAN,Samajwadi Party  ,4441,Result Declared
462,UP,Jangipur,VIRENDRA KUMAR YADAV,Samajwadi Party,RAM NARESH KUSHWAHA,Bharatiya Janata Party  ,35063,Result Declared
463,UP,Jasrana,SACHIN YADAV,Samajwadi Party,MANVENDRA PRATAP SINGH,Bharatiya Janata Party  ,836,Result Declared
464,UP,Jaswantnagar,SHIVPAL SINGH YADAV,Samajwadi Party,VIVEK SHAKYA,Bharatiya Janata Party  ,90979,Result Declared
465,UP,Jaunpur,MOHD. ARSHAD KHAN,Samajwadi Party,GIRISH CHANDRA YADAV,Bharatiya Janata Party  ,1573,Result in Progress
466,UP,Jewar,DHIRENDRA SINGH,Bharatiya Janata Party,AVTAR SINGH BHADANA,Rashtriya Lok Dal  ,56315,Result Declared
467,UP,Jhansi Nagar,Ravi Sharma,Bharatiya Janata Party,Sita Ram Kushwaha,Samajwadi Party  ,76353,Result Declared
468,UP,Kadipur,RAJESH KUMAR GAUTAM,Bharatiya Janata Party,BHAGELU RAM,Samajwadi Party  ,25723,Result Declared
469,UP,Kaimganj,Dr. SURABHI,Apna Dal (Soneylal),SARVESH AMBEDKAR,Samajwadi Party  ,18543,Result Declared
470,UP,Kairana,Nahid Hasan,Samajwadi Party,MRIGANKA SINGH,Bharatiya Janata Party  ,25887,Result Declared
471,UP,Kaiserganj,ANAND KUMAR,Samajwadi Party,GAURAV VERMA,Bharatiya Janata Party  ,7711,Result Declared
472,UP,Kalpi,VINOD CHATURVEDI,Samajwadi Party,CHHOTE SINGH,Nirbal Indian Shoshit Hamara Aam Dal  ,2816,Result Declared
473,UP,Kalyanpur,NEELIMA KATIYAR,Bharatiya Janata Party,SATISH KUMAR NIGAM,Samajwadi Party  ,21535,Result Declared
474,UP,Kannauj,ASIM ARUN,Bharatiya Janata Party,ANIL KUMAR DOHAREY,Samajwadi Party  ,6090,Result Declared
475,UP,Kanpur Cantt.,MOHAMMAD HASAN,Samajwadi Party,RAGHUNANDAN SINGH BHADAURIYA,Bharatiya Janata Party  ,19987,Result Declared
476,UP,Kanth,Kamal Akhtar,Samajwadi Party,Rajesh Kumar Singh,Bharatiya Janata Party  ,43178,Result Declared
477,UP,Kapilvastu,SHYAMDHANI RAHI,Bharatiya Janata Party,VIJAY KUMAR,Samajwadi Party  ,30939,Result Declared
478,UP,Kaptanganj,KAVINDRA CHAUDHARY,Samajwadi Party,CHANDRA PRAKASH SHUKLA,Bharatiya Janata Party  ,24179,Result Declared
479,UP,Karachhana,PIYUSH RANJAN NISHAD,Bharatiya Janata Party,UJJWAL RAMAN SINGH,Samajwadi Party  ,9328,Result Declared
480,UP,Karhal,Akhilesh Yadav,Samajwadi Party,Prof. S.P. Singh Baghel,Bharatiya Janata Party  ,67504,Result Declared
481,UP,Kasganj,Devendra Singh,Bharatiya Janata Party,Man Pal Singh,Samajwadi Party  ,46265,Result Declared
482,UP,Kasta,SAURABH SINGH,Bharatiya Janata Party,SUNEEL KUMAR LALA,Samajwadi Party  ,13817,Result Declared
483,UP,Katehari,Lalji Verma,Samajwadi Party,Avadhesh Kumar,Nirbal Indian Shoshit Hamara Aam Dal  ,7696,Result Declared
484,UP,Katra,Veer Vikram Singh,Bharatiya Janata Party,Rajesh Yadav,Samajwadi Party  ,357,Result Declared
485,UP,Katra Bazar,Bawan Singh,Bharatiya Janata Party,Baijnath,Samajwadi Party  ,18457,Result Declared
486,UP,Kerakat,Tufani Saroj,Samajwadi Party,Dinesh Chaudhary,Bharatiya Janata Party  ,9844,Result in Progress
487,UP,Khadda,VIVEKA NAND PANDEY,Nirbal Indian Shoshit Hamara Aam Dal,VIJAY PRATAP KUSHWAHA,Independent  ,41451,Result Declared
488,UP,Khaga,KRISHNA PASWAN,Bharatiya Janata Party,RAMTHIRTH PARAMHANS,Samajwadi Party  ,5509,Result Declared
489,UP,Khair,ANOOP SINGH URF ANOOP PRADHAN VALMEEKI,Bharatiya Janata Party,CHARU KAIN KAIN,Bahujan Samaj Party  ,74341,Result Declared
490,UP,Khajani,SHRIRAM CHAUHAN,Bharatiya Janata Party,RUPAWATI BELDAR,Samajwadi Party  ,37101,Result Declared
491,UP,Khalilabad,ANKUR TIWARI,Bharatiya Janata Party,DIGVIJAY NARAYAN,Samajwadi Party  ,12622,Result Declared
492,UP,Khatauli,VIKRAM SINGH,Bharatiya Janata Party,RAJPAL SINGH SAINI,Rashtriya Lok Dal  ,16345,Result Declared
493,UP,Kheragarh,Bhagwan Singh Kushwaha,Bharatiya Janata Party,Ramnath Singh Sikarwar,Indian National Congress  ,36497,Result Declared
494,UP,Khurja,Minakshi Singh,Bharatiya Janata Party,Banshi Singh,Samajwadi Party  ,67084,Result Declared
495,UP,Kidwai Nagar,MAHESH KUMAR TRIVEDI,Bharatiya Janata Party,AJAY KAPOOR,Indian National Congress  ,37760,Result Declared
496,UP,Kishni,ENG. BRAJESH KATHERIYA,Samajwadi Party,DR. PRIYA RANJAN ASHU DIWAKAR,Bharatiya Janata Party  ,19151,Result Declared
497,UP,Kithore,SHAHID MANZOOR,Samajwadi Party,SATYAVIR TYAGI,Bharatiya Janata Party  ,2180,Result Declared
498,UP,Koil,ANIL PARASHAR,Bharatiya Janata Party,SHAZ ISHAQ,Samajwadi Party  ,5028,Result Declared
499,UP,Koraon,Raj Mani,Bharatiya Janata Party,Ram Deo,Samajwadi Party  ,24487,Result Declared
500,UP,Kunda,RAGHURAJ PRATAP SINGH,Jansatta Dal Loktantrik,GULSHAN YADAV,Samajwadi Party  ,30315,Result Declared
501,UP,Kundarki,ZIA UR REHMAN,Samajwadi Party,KAMAL KUMAR,Bharatiya Janata Party  ,43162,Result Declared
502,UP,Kursi,Sakendra Pratap,Bharatiya Janata Party,Rakesh Kumar Verma,Samajwadi Party  ,217,Result Declared
503,UP,Kushinagar,Panchanand Pathak (P.N. Pathak),Bharatiya Janata Party,Rajesh Pratap Rao Urf Banti Bhaiya,Samajwadi Party  ,34790,Result Declared
504,UP,Laharpur,ANIL KUMAR VERMA,Samajwadi Party,SUNEEL VERMA,Bharatiya Janata Party  ,13155,Result Declared
505,UP,Lakhimpur,Yogesh Verma,Bharatiya Janata Party,Utkarsh Verma Madhur,Samajwadi Party  ,20578,Result Declared
506,UP,Lalganj,BECHAI,Samajwadi Party,NEELAM,Bharatiya Janata Party  ,14733,Result Declared
507,UP,Lalitpur,Ramratan Kushwaha,Bharatiya Janata Party,Chandra Bhusan Singh Bundela (Guddu Raja),Bahujan Samaj Party  ,107215,Result Declared
508,UP,Lambhua,SITARAM VERMA,Bharatiya Janata Party,SANTOSH PANDEY,Samajwadi Party  ,9533,Result Declared
509,UP,Loni,NANDKISHOR,Bharatiya Janata Party,MADAN BHAIYA,Rashtriya Lok Dal  ,8676,Result Declared
510,UP,Lucknow Cantt.,Brajesh Pathak,Bharatiya Janata Party,Surendra Singh Gandhi 'Raju Gandhi',Samajwadi Party  ,39512,Result Declared
511,UP,Lucknow Central,RAVIDAS MEHROTRA,Samajwadi Party,RAJNISH KUMAR GUPTA,Bharatiya Janata Party  ,10935,Result Declared
512,UP,Lucknow East,Ashutosh Tandon 'Gopal Ji ',Bharatiya Janata Party,Anurag Singh Bhadouriya,Samajwadi Party  ,68731,Result Declared
513,UP,Lucknow North,Dr. Neeraj Bora,Bharatiya Janata Party,Pooja Shukla,Samajwadi Party  ,33953,Result Declared
514,UP,Lucknow West,ARMAAN KHAN,Samajwadi Party,ANJANI KUMAR SRIVASTAVA,Bharatiya Janata Party  ,8184,Result Declared
515,UP,Machhlishahr,DR. RAGINI,Samajwadi Party,MEHI LAL,Bharatiya Janata Party  ,8484,Result Declared
516,UP,Madhaugarh,MOOL CHANDRA SINGH,Bharatiya Janata Party,SHEETAL KUSHWAHA,Bahujan Samaj Party  ,34974,Result Declared
517,UP,Madhuban,RAM BILASH CHAUHAN,Bharatiya Janata Party,UMESH PANDEY,Samajwadi Party  ,4448,Result Declared
518,UP,Mahadewa,Dudhram,Suheldev Bharatiya Samaj Party,Ravi,Bharatiya Janata Party  ,5495,Result Declared
519,UP,Maharajganj,JAY MANGAL,Bharatiya Janata Party,NIRMESH MANGAL,Independent  ,76903,Result Declared
520,UP,Maharajpur,Satish Mahana,Bharatiya Janata Party,FATEH BAHADUR SINGH GILL,Samajwadi Party  ,82261,Result Declared
521,UP,Mahasi,SURESHWAR SINGH,Bharatiya Janata Party,KRISHNA KUMAR OJHA,Samajwadi Party  ,42684,Result Declared
522,UP,Mahmoodabad,ASHA MAURYA,Bharatiya Janata Party,NARENDRA SINGH VERMA,Samajwadi Party  ,5222,Result Declared
523,UP,Mahoba,RAKESH KUMAR GOSWAMI,Bharatiya Janata Party,MANOJ TIWARI,Samajwadi Party  ,43447,Result Declared
524,UP,Maholi,SHASHANK TRIVEDI,Bharatiya Janata Party,ANOOP KUMAR GUPTA,Samajwadi Party  ,12172,Result Declared
525,UP,Mainpuri,JAYVEER SINGH,Bharatiya Janata Party,RAJKUMAR URF RAJU YADAV,Samajwadi Party  ,6766,Result Declared
526,UP,Majhawan,DR. VINOD KUMAR BIND,Nirbal Indian Shoshit Hamara Aam Dal,ROHIT SHUKLA,Samajwadi Party  ,33587,Result Declared
527,UP,Malhani,LUCKY YADAV,Samajwadi Party,DHANANJAY SINGH,Janata Dal (United)  ,17527,Result Declared
528,UP,Malihabad,JAI DEVI,Bharatiya Janata Party,SURENDRA KUMAR,Samajwadi Party  ,7745,Result Declared
529,UP,Manikpur,AVINASH CHANDRA DWIVEDI,Apna Dal (Soneylal),VEER SINGH PATEL,Samajwadi Party  ,1048,Result Declared
530,UP,Manjhanpur,Indrajeet Saroj,Samajwadi Party,Lal Bahadur,Bharatiya Janata Party  ,23878,Result Declared
531,UP,Mankapur,Ramapati Shastri,Bharatiya Janata Party,Ramesh Chandra,Samajwadi Party  ,42349,Result Declared
532,UP,Mant,RAJESH CHAUDHARY,Bharatiya Janata Party,SHYAM SUNDAR SHARMA,Bahujan Samaj Party  ,9580,Result Declared
533,UP,Marhara,Virendra Singh Lodhi,Bharatiya Janata Party,Amit Gaurav,Samajwadi Party  ,17609,Result Declared
534,UP,Marihan,RAMA SHANKAR SINGH,Bharatiya Janata Party,NARENDRA SINGH KUSAWAHA,Bahujan Samaj Party  ,62911,Result Declared
535,UP,Mariyahu,DR R.K. PATEL,Apna Dal (Soneylal),SUSHMA PATEL,Samajwadi Party  ,1206,Result Declared
536,UP,Matera,MARIYA,Samajwadi Party,ARUN VEER SINGH,Bharatiya Janata Party  ,10428,Result Declared
537,UP,Mathura,SHRIKANT SHARMA,Bharatiya Janata Party,PRADEEP MATHUR,Indian National Congress  ,109803,Result Declared
538,UP,Mau,ABBAS ANSARI,Suheldev Bharatiya Samaj Party,ASHOK KUMAR SINGH,Bharatiya Janata Party  ,38116,Result Declared
539,UP,Mauranipur,Rashmi Arya,Apna Dal (Soneylal),Tilak Chandra Ahirwar,Samajwadi Party  ,58595,Result Declared
540,UP,Meerapur,Chandan Chauhan,Rashtriya Lok Dal,PRASHANT CHAUDHARY,Bharatiya Janata Party  ,27380,Result Declared
541,UP,Meerganj,DR. D. C. VERMA,Bharatiya Janata Party,SULTAN BEG,Samajwadi Party  ,32480,Result Declared
542,UP,Meerut,RAFIQ ANSARI,Samajwadi Party,KAMAL DUTT SHARMA,Bharatiya Janata Party  ,26065,Result Declared
543,UP,Meerut Cantt.,AMIT AGARWAL,Bharatiya Janata Party,MANISHA AHLAWAT,Rashtriya Lok Dal  ,118072,Result Declared
544,UP,Meerut South,Dr. Somendra Singh Tomar,Bharatiya Janata Party,Mohd Adil,Samajwadi Party  ,7942,Result Declared
545,UP,Mehnagar,PUJA,Samajwadi Party,MANJOO SAROJ,Bharatiya Janata Party  ,14149,Result Declared
546,UP,Mehnaun,VINAY KUMAR,Bharatiya Janata Party,NANDITA SHUKLA,Samajwadi Party  ,23218,Result Declared
547,UP,Mehroni,Manohar Lal,Bharatiya Janata Party,Kiran Ramesh Khatik,Bahujan Samaj Party  ,110451,Result Declared
548,UP,Meja,SANDEEP SINGH,Samajwadi Party,NEELAM KARVARIYA,Bharatiya Janata Party  ,3439,Result Declared
549,UP,Menhdawal,ANIL KUMAR TRIPATHI,Nirbal Indian Shoshit Hamara Aam Dal,JAY CHAND,Samajwadi Party  ,5223,Result Declared
550,UP,Milak,Rajbala Singh,Bharatiya Janata Party,Vijay Singh,Samajwadi Party  ,5912,Result Declared
551,UP,Milkipur,AWADHESH PRASAD,Samajwadi Party,Baba Gorakhnath,Bharatiya Janata Party  ,13338,Result Declared
552,UP,Mirzapur,RATNAKAR MISHRA,Bharatiya Janata Party,KAILASH CHAURSIA,Samajwadi Party  ,39876,Result Declared
553,UP,Misrikh,RAMKRISHNA BHARGAVA,Bharatiya Janata Party,MANOJ KUMAR RAJVANSHI,Suheldev Bharatiya Samaj Party  ,11465,Result Declared
554,UP,Modi Nagar,DR. MANJU SHIWACH,Bharatiya Janata Party,SUDESH SHARMA,Rashtriya Lok Dal  ,34619,Result Declared
555,UP,Mohammadabad,SUHAIB Alias MANNU ANSARI,Samajwadi Party,ALKA RAI,Bharatiya Janata Party  ,18759,Result Declared
556,UP,Mohammdi,LOKENDRA PRATAP SINGH,Bharatiya Janata Party,DAUD AHMAD,Samajwadi Party  ,4871,Result Declared
557,UP,Mohan,BRAJESH KUMAR,Bharatiya Janata Party,Dr. ANCHAL,Samajwadi Party  ,43179,Result Declared
558,UP,Mohanlalganj,Amresh Kumar,Bharatiya Janata Party,Sushila Saroj,Samajwadi Party  ,16548,Result Declared
559,UP,Moradabad Nagar,RITESH KUMAR GUPTA,Bharatiya Janata Party,MOHD YUSUF ANSARI,Samajwadi Party  ,782,Result Declared
560,UP,Moradabad Rural,MOHD NASIR,Samajwadi Party,K K MISRA,Bharatiya Janata Party  ,56820,Result Declared
561,UP,Mubarakpur,AKHILESH,Samajwadi Party,ARVIND JAISWAL,Bharatiya Janata Party  ,28468,Result in Progress
562,UP,Mughalsarai,RAMESH JAISWAL,Bharatiya Janata Party,CHANDRA SHEKHAR YADAV,Samajwadi Party  ,14921,Result Declared
563,UP,Muhammadabad-Gohna,RAJENDRA KUMAR,Samajwadi Party,POONAM SAROJ,Bharatiya Janata Party  ,26649,Result Declared
564,UP,Mungra Badshahpur,PANKAJ,Samajwadi Party,AJAY SHANKAR DUBEY,Bharatiya Janata Party  ,2628,Result in Progress
565,UP,Muradnagar,Ajit Pal Tyagi,Bharatiya Janata Party,Surendra Kumar Munni,Rashtriya Lok Dal  ,97095,Result Declared
566,UP,Muzaffar Nagar,Kapil Dev Agarwal,Bharatiya Janata Party,SAURABH,Rashtriya Lok Dal  ,18694,Result Declared
567,UP,Nagina,MANOJ KUMAR PARAS,Samajwadi Party,DR YASHWANT SINGH,Bharatiya Janata Party  ,26451,Result Declared
568,UP,Najibabad,TASLEEM AHMAD,Samajwadi Party,RAJA BHARATENDRA SINGH,Bharatiya Janata Party  ,23770,Result Declared
569,UP,Nakur,MUKESH CHOUDHARY,Bharatiya Janata Party,DR. DHARAM SINGH SAINI,Samajwadi Party  ,315,Result Declared
570,UP,Nanpara,Ram Niwas Verma,Apna Dal (Soneylal),Madhuri Verma,Samajwadi Party  ,12184,Result Declared
571,UP,Naraini,Ommani Varma,Bharatiya Janata Party,Kiran Verma,Samajwadi Party  ,6719,Result Declared
572,UP,Naugawan Sadat,SAMARPAL SINGH,Samajwadi Party,DEVENDER NAGPAL,Bharatiya Janata Party  ,6540,Result Declared
573,UP,Nautanwa,RISHI,Nirbal Indian Shoshit Hamara Aam Dal,KUNWAR KAUSHAL SINGH,Samajwadi Party  ,15331,Result Declared
574,UP,Nawabganj,Dr. M. P. Arya,Bharatiya Janata Party,BHAGWAT SARAN GANGWAR,Samajwadi Party  ,9237,Result Declared
575,UP,Nehtaur,OMKUMAR,Bharatiya Janata Party,MUNSHIRAM,Rashtriya Lok Dal  ,258,Result Declared
576,UP,Nighasan,Shashank Verma,Bharatiya Janata Party,R S Kushwaha,Samajwadi Party  ,41009,Result Declared
577,UP,Nizamabad,ALAM BADI,Samajwadi Party,MANOJ,Bharatiya Janata Party  ,34187,Result Declared
578,UP,Noida,Pankaj Singh,Bharatiya Janata Party,Sunil Choudhary,Samajwadi Party  ,181513,Result Declared
579,UP,Noorpur,RAM AVATAR SINGH,Samajwadi Party,CHANDRAPRAKASH SINGH,Bharatiya Janata Party  ,6065,Result Declared
580,UP,Obra,SANJEEV KUMAR,Bharatiya Janata Party,ARVIND KUMAR,Samajwadi Party  ,26442,Result Declared
581,UP,Orai,GAURI SHANKAR,Bharatiya Janata Party,DAYASHANKAR VERMA,Samajwadi Party  ,37648,Result Declared
582,UP,Padrauna,MANISH KUMAR URF MANTU,Bharatiya Janata Party,VIKRAMA YADAV,Samajwadi Party  ,42008,Result Declared
583,UP,Palia,Harvinder Kumar Sahni alias Romi Sahni,Bharatiya Janata Party,Pritinder Singh Kakku,Samajwadi Party  ,38129,Result Declared
584,UP,Paniyra,GYANENDRA SINGH,Bharatiya Janata Party,KRISHNABHAN,Samajwadi Party  ,61428,Result Declared
585,UP,Pathardeva,SURYA PRATAP SHAHI,Bharatiya Janata Party,BRAHMASHANKAR TRIPATHI,Samajwadi Party  ,28681,Result Declared
586,UP,Patiyali,Nadira Sultan,Samajwadi Party,Mamtesh Shakya,Bharatiya Janata Party  ,4001,Result Declared
587,UP,Patti,RAM SINGH,Samajwadi Party,RAJENDRA PRATAP SINGH URF MOTI,Bharatiya Janata Party  ,22051,Result Declared
588,UP,Payagpur,Subhash Tripathi,Bharatiya Janata Party,Mukesh Srivastava,Samajwadi Party  ,12056,Result Declared
589,UP,Phaphamau,GURU PRASAD MAURYA,Bharatiya Janata Party,ANSAR AHMAD,Samajwadi Party  ,14324,Result Declared
590,UP,Pharenda,Virendra Chaudhary,Indian National Congress,Bajrang Bahadur Singh,Bharatiya Janata Party  ,1246,Result Declared
591,UP,Phephana,SANGRAM SINGH,Samajwadi Party,UPENDRA TIWARI,Bharatiya Janata Party  ,19354,Result Declared
592,UP,Phoolpur-Pawai,RAMAKANT,Samajwadi Party,RAM SURAT,Bharatiya Janata Party  ,25306,Result Declared
593,UP,Phulpur,Praveen Patel,Bharatiya Janata Party,Mohd.Mujataba Siddiqui,Samajwadi Party  ,2732,Result Declared
594,UP,Pilibhit,SANJAY SINGH GANGWAR,Bharatiya Janata Party,SHAILENDRA SINGH GANGWAR,Samajwadi Party  ,6970,Result Declared
595,UP,Pindra,AWADHESH KUMAR SINGH,Bharatiya Janata Party,BABULAL,Bahujan Samaj Party  ,35559,Result Declared
596,UP,Pipraich,MAHENDRA PAL SINGH,Bharatiya Janata Party,AMRENDRA NISHAD,Samajwadi Party  ,65357,Result Declared
597,UP,Powayan,CHETRAM,Bharatiya Janata Party,UPENDRA PAL SINGH,Samajwadi Party  ,51578,Result Declared
598,UP,Pratapgarh,RAJENDRA KUMAR,Bharatiya Janata Party,KRISHNA PATEL,Apna Dal (Kamerawadi)  ,25063,Result Declared
599,UP,Pratappur,VIJAMA YADAV,Samajwadi Party,RAKESH DHAR TRIPATHI,Apna Dal (Soneylal)  ,10956,Result Declared
600,UP,Puranpur,BABURAM,Bharatiya Janata Party,ARTI,Samajwadi Party  ,26576,Result Declared
601,UP,Purqazi,Anil Kumar,Rashtriya Lok Dal,Pramod Utwal,Bharatiya Janata Party  ,6532,Result Declared
602,UP,Purwa,ANIL KUMAR SINGH,Bharatiya Janata Party,UDAY RAJ,Samajwadi Party  ,31061,Result Declared
603,UP,Rae Bareli,ADITI SINGH,Bharatiya Janata Party,RAM PRATAP YADAV,Samajwadi Party  ,7175,Result Declared
604,UP,Ram Nagar,FAREED MAHFOOZ KIDWAI,Samajwadi Party,SHARAD KUMAR AWASTHI,Bharatiya Janata Party  ,261,Result Declared
605,UP,Ramkola,VINAY PRAKASH GOND,Bharatiya Janata Party,PURNMASI DEHATI,Suheldev Bharatiya Samaj Party  ,72543,Result Declared
606,UP,Rampur,Mohammad Azam Khan,Samajwadi Party,Akash Saxena (Honey),Bharatiya Janata Party  ,55141,Result Declared
607,UP,Rampur Karkhana,SURENDRA CHAURASIA,Bharatiya Janata Party,FASIHA MANZAR GHAZALA LARI,Samajwadi Party  ,14670,Result Declared
608,UP,Rampur Khas,"Aradhana Mishra, Mona",Indian National Congress,NAGESH PRATAP SINGH URF CHHOTE SARKAR,Bharatiya Janata Party  ,14741,Result Declared
609,UP,Rampur Maniharan,Devender Kumar Nim,Bharatiya Janata Party,RAVINDRA KUMAR,Bahujan Samaj Party  ,20593,Result Declared
610,UP,Raniganj,RAKESH KUMAR VERMA ALIAS DR. R. K. VERMA,Samajwadi Party,ABHAY KUMAR ALIAS DHIRAJ OJHA,Bharatiya Janata Party  ,2649,Result Declared
611,UP,Rasara,UMASHANKAR SINGH,Bahujan Samaj Party,MAHENDRA,Suheldev Bharatiya Samaj Party  ,6583,Result Declared
612,UP,Rasulabad,Poonam Sankhwar,Bharatiya Janata Party,Kamlesh Chandra Diwakar,Samajwadi Party  ,21512,Result Declared
613,UP,Rath,MANISHA,Bharatiya Janata Party,CHANDRAWATI VERMA,Samajwadi Party  ,61979,Result Declared
614,UP,Robertsganj,Bhupesh Chaubey,Bharatiya Janata Party,AVINASH KUSHWAHA,Samajwadi Party  ,5621,Result Declared
615,UP,Rohaniya,DR. SUNIL PATEL,Apna Dal (Soneylal),ABHAY PATEL,Apna Dal (Kamerawadi)  ,46472,Result Declared
616,UP,Rudauli,Ram Chandra Yadav,Bharatiya Janata Party,Anand Sen,Samajwadi Party  ,40616,Result Declared
617,UP,Rudhauli,Rajendra Prasad Chaudhary,Samajwadi Party,Sangeeta Devi Urf Sangeeta Pratap Jaiswal,Bharatiya Janata Party  ,15226,Result Declared
618,UP,Rudrapur,JAI PRAKASH NISHAD,Bharatiya Janata Party,RAMBHUAL NISHAD,Samajwadi Party  ,41936,Result Declared
619,UP,Sadabad,PRADEEP KUMAR SINGH,Rashtriya Lok Dal,RAMVEER UPADHYAY,Bharatiya Janata Party  ,6437,Result Declared
620,UP,Sadar,RAJ PRASAD UPADHYAY,Bharatiya Janata Party,ARUN VERMA,Samajwadi Party  ,15754,Result Declared
621,UP,Safipur,BAMBA LAL,Bharatiya Janata Party,SUDHIR KUMAR,Samajwadi Party  ,34132,Result Declared
622,UP,Sagri,HRIDAY NARAYAN SINGH PATEL,Samajwadi Party,BANDANA SINGH,Bharatiya Janata Party  ,22515,Result Declared
623,UP,Sahajanwa,PRADEEP SHUKLA,Bharatiya Janata Party,YASHPAL SINGH RAWAT,Samajwadi Party  ,43406,Result Declared
624,UP,Saharanpur,Ashu Malik,Samajwadi Party,JAGPAL SINGH,Bharatiya Janata Party  ,30745,Result Declared
625,UP,Saharanpur Nagar,RAJEEV GUMBER,Bharatiya Janata Party,SANJAY GARG,Samajwadi Party  ,7434,Result Declared
626,UP,Sahaswan,BRAJESH YADAV,Samajwadi Party,MUSARRAT ALI,Bahujan Samaj Party  ,13945,Result Declared
627,UP,Sahibabad,SUNIL KUMAR SHARMA,Bharatiya Janata Party,AMARPAL SHARMA,Samajwadi Party  ,214835,Result Declared
628,UP,Saidpur,ANKIT BHARTI,Samajwadi Party,SUBHASH PASSI,Bharatiya Janata Party  ,36635,Result Declared
629,UP,Saiyadraja,SUSHIL SINGH,Bharatiya Janata Party,MANOJ KUMAR,Samajwadi Party  ,10917,Result Declared
630,UP,Sakaldiha,PRABHU NARAYAN YADAV,Samajwadi Party,SURYAMUNI TIWARI,Bharatiya Janata Party  ,16661,Result Declared
631,UP,Salempur,BIJAYLAXMI GAUTAM,Bharatiya Janata Party,MANBODH PRASAD,Suheldev Bharatiya Samaj Party  ,16608,Result Declared
632,UP,Salon,ASHOK KUMAR,Bharatiya Janata Party,JAGDISH PRASAD,Samajwadi Party  ,2111,Result Declared
633,UP,Sambhal,IQBAL MEHMOOD,Samajwadi Party,RAJESH SINGHAL,Bharatiya Janata Party  ,41697,Result Declared
634,UP,Sandi,Prabhash Kumar,Bharatiya Janata Party,Usha Verma,Samajwadi Party  ,9233,Result Declared
635,UP,Sandila,Alka Singh,Bharatiya Janata Party,Abdul Mannan,Bahujan Samaj Party  ,37103,Result Declared
636,UP,Sardhana,Atul Pradhan,Samajwadi Party,Sangeet Singh Som,Bharatiya Janata Party  ,18200,Result Declared
637,UP,Sareni,DEVENDRA PRATAP SINGH,Samajwadi Party,DHIRENDRA BAHADUR SINGH,Bharatiya Janata Party  ,3807,Result Declared
638,UP,Sarojini Nagar,Rajeshwar Singh,Bharatiya Janata Party,Abhishek Mishra,Samajwadi Party  ,56186,Result Declared
639,UP,Sawayazpur,Madhavendra Pratap Singh,Bharatiya Janata Party,Padamrag Singh Yadav,Samajwadi Party  ,25687,Result Declared
640,UP,Sevapuri,Neel Ratan Singh,Bharatiya Janata Party,Surendra Singh Patel,Samajwadi Party  ,22531,Result Declared
641,UP,Sevata,GYAN TIWARI,Bharatiya Janata Party,MAHENDRA KUMAR SINGH,Samajwadi Party  ,20281,Result Declared
642,UP,Shahabad,RAJNI TIWARI,Bharatiya Janata Party,MOHD ASIF KHAN,Samajwadi Party  ,6479,Result Declared
643,UP,Shahganj,Ramesh,Nirbal Indian Shoshit Hamara Aam Dal,Shailendra Yadav Lalai,Samajwadi Party  ,719,Result Declared
644,UP,Shahjahanpur,Suresh Kumar Khanna,Bharatiya Janata Party,Tanveer Khan,Samajwadi Party  ,9313,Result Declared
645,UP,Shamli,Persann Kumar,Rashtriya Lok Dal,Tejendra Singh,Bharatiya Janata Party  ,7107,Result Declared
646,UP,Shekhupur,Himanshu Yadav,Samajwadi Party,DHARMENDRA KUMAR SINGH SHAKYA,Bharatiya Janata Party  ,6100,Result Declared
647,UP,Shikarpur,Anil Kumar,Bharatiya Janata Party,Kiranpal Singh,Rashtriya Lok Dal  ,55683,Result Declared
648,UP,Shikohabad,MUKESH VERMA,Samajwadi Party,OM PRAKASH VERMA,Bharatiya Janata Party  ,9328,Result Declared
649,UP,Shivpur,Anil Rajbhar,Bharatiya Janata Party,Arvind Rajbhar,Suheldev Bharatiya Samaj Party  ,27687,Result Declared
650,UP,Shohratgarh,VINAY VERMA,Apna Dal (Soneylal),PREM CHANDRA,Suheldev Bharatiya Samaj Party  ,24463,Result Declared
651,UP,Shrawasti,Ram Feran,Bharatiya Janata Party,Mohhamad Aslam Rainee,Samajwadi Party  ,1457,Result Declared
652,UP,Sidhauli,Manish Rawat,Bharatiya Janata Party,Dr. Hargovind Bhargava,Samajwadi Party  ,9716,Result Declared
653,UP,Sikanderpur,ZIYAUDDIN RIZVI,Samajwadi Party,SANJAY YADAV,Bharatiya Janata Party  ,11855,Result Declared
654,UP,Sikandra,AJIT SINGH PAL,Bharatiya Janata Party,PRABHAKAR PANDEY,Samajwadi Party  ,31567,Result Declared
655,UP,Sikandra Rao,Birendra Singh Rana,Bharatiya Janata Party,DR. Lalit Pratap Baghel,Samajwadi Party  ,8104,Result Declared
656,UP,Sikandrabad,Lakshmi Raj,Bharatiya Janata Party,Rahul Yadav,Samajwadi Party  ,29343,Result Declared
657,UP,Sirathu,DR. PALLAVI PATEL,Samajwadi Party,KESHAV PRASAD MAURYA,Bharatiya Janata Party  ,7337,Result Declared
658,UP,Sirsaganj,SARVESH SINGH,Samajwadi Party,HARIOM YADAV,Bharatiya Janata Party  ,8805,Result Declared
659,UP,Sishamau,HAJI IRFAN SOLANKI,Samajwadi Party,SALIL VISHNOI,Bharatiya Janata Party  ,12266,Result Declared
660,UP,Siswa,Premsagar Patel,Bharatiya Janata Party,Sushil Kumar Tibrewal,Samajwadi Party  ,62731,Result Declared
661,UP,Sitapur,Rakesh Rathour,Bharatiya Janata Party,Radhey Shyam Jaiswal,Samajwadi Party  ,1253,Result Declared
662,UP,Siwalkhas,GHULAM MOHAMMAD,Rashtriya Lok Dal,MANINDER PAL,Bharatiya Janata Party  ,9182,Result Declared
663,UP,Soraon,Geeta Shastri (Pasi),Samajwadi Party,Dr. Jamuna Prasad Saroj,Apna Dal (Soneylal)  ,5590,Result Declared
664,UP,Sri Nagar,Manju Tyagi,Bharatiya Janata Party,Ram Sharan,Samajwadi Party  ,17608,Result Declared
665,UP,Suar,Mohammad Abdullah Azam Khan,Samajwadi Party,Haidar Ali Khan Alias Hamza Mian,Apna Dal (Soneylal)  ,61103,Result Declared
666,UP,Sultanpur,VINOD SINGH,Bharatiya Janata Party,ANOOP SANDA,Samajwadi Party  ,1009,Result Declared
667,UP,Syana,Devendra Singh Lodhi,Bharatiya Janata Party,Dilnawaz Khan,Rashtriya Lok Dal  ,89657,Result Declared
668,UP,Tamkuhi Raj,ASIM KUMAR,Bharatiya Janata Party,UDAY NARAYAN,Samajwadi Party  ,66472,Result Declared
669,UP,Tanda,Ram Murti Verma,Samajwadi Party,Kapil Deo,Bharatiya Janata Party  ,32097,Result Declared
670,UP,Tarabganj,PREM NRAYAN PANDEY,Bharatiya Janata Party,RAM BHAJAN CHAUBEY,Samajwadi Party  ,53690,Result Declared
671,UP,Thakurdwara,NAVAB JAN,Samajwadi Party,AJAY PRATAP SINGH,Bharatiya Janata Party  ,19684,Result Declared
672,UP,Thana Bhawan,Ashraf Ali Khan,Rashtriya Lok Dal,Suresh Kumar,Bharatiya Janata Party  ,10806,Result Declared
673,UP,Tilhar,SALONA KUSHWAHA,Bharatiya Janata Party,ROSHAN LAL VERMA,Samajwadi Party  ,13277,Result Declared
674,UP,Tiloi,MAYANKESHWAR SHARAN SINGH,Bharatiya Janata Party,MOHD NAIM,Samajwadi Party  ,27829,Result Declared
675,UP,Tindwari,RAMKESH NISHAD,Bharatiya Janata Party,BRAJESH KUMAR PRAJAPATI,Samajwadi Party  ,28425,Result Declared
676,UP,Tirwa,Kailash Rajput,Bharatiya Janata Party,Anil Kumar Pal,Samajwadi Party  ,4608,Result Declared
677,UP,Tulsipur,KAILASH NATH,Bharatiya Janata Party,ZEBA RIZWAN,Independent  ,35781,Result Declared
678,UP,Tundla,PREM PAL SINGH DHANGAR,Bharatiya Janata Party,RAKESH BABU,Samajwadi Party  ,47691,Result Declared
679,UP,Unchahar,Manoj Kumar Pandey,Samajwadi Party,AMARPAL MAURYA,Bharatiya Janata Party  ,6621,Result Declared
680,UP,Unnao,Pankaj Gupta,Bharatiya Janata Party,Abhinav Kumar,Samajwadi Party  ,31128,Result Declared
681,UP,Utraula,RAMPRATAP VERMA URF SHASHIKANT VERMA,Bharatiya Janata Party,HASIB KHAN,Samajwadi Party  ,21769,Result Declared
682,UP,Varanasi Cantt.,Saurabh Srivastava,Bharatiya Janata Party,Pooja Yadav,Samajwadi Party  ,86844,Result Declared
683,UP,Varanasi North,Ravindra Jaiswal,Bharatiya Janata Party,Ashfaque,Samajwadi Party  ,40776,Result Declared
684,UP,Varanasi South,Dr. Neelkanth Tiwari,Bharatiya Janata Party,Kameshwar alias Kishan Dixit,Samajwadi Party  ,10722,Result Declared
685,UP,Vishwanath Ganj,JEET LAL,Apna Dal (Soneylal),SAURABH SINGH,Samajwadi Party  ,48052,Result Declared
686,UP,Zafrabad,JAGDISH NARAYAN,Suheldev Bharatiya Samaj Party,Dr. HARENDRA PRASAD SINGH,Bharatiya Janata Party  ,6292,Result Declared
687,UP,Zahoorabad,OM PRAKASH RAJBHAR,Suheldev Bharatiya Samaj Party,KALICHARAN,Bharatiya Janata Party  ,45632,Result Declared
688,UP,Zaidpur,Gaurav Kumar,Samajwadi Party,Ambrish Rawat,Bharatiya Janata Party  ,2982,Result Declared
689,UP,Zamania,OM PRAKASH,Samajwadi Party,SUNITA SINGH,Bharatiya Janata Party  ,22456,Result Declared
