Naks,main_id,name,is_yoga,mag,bri,ra,dec,yoga_tara,HIP,oid,ids
N01-Ash,* alf Ari,Hamal,1,2.0,5.0,31.79,23.46,Hamal,HIP   9884,1495651,WEB  2075::2MASS J02071038+2327447::PLX  436::LSPM J0207+2327::ASCC  744576::USNO-B1.0 1134-00030670::*  13 Ari::* alf Ari::AG+23  175::BD+22   306::CSV 100163::FK5   74::GC  2538::GCRV  1160::GEN# +1.00012929::GJ    84.3::GJ  9072::HD  12929::HIC   9884::HIP   9884::HR   617::IRAS 02043+2313::IRC +20038::JP11   587::LTT 10711::N30  431::NAME Hamal::NLTT  7032::NSV   725::PMC 90-93    52::PPM  91373::RAFGL 5063::ROT   295::SAO  75151::SKY#  3115::SRS  30074::SV* ZI   111::TD1  1227::UBV    2137::UBV M   8692::USNO 800::[B10]   447::uvby98 100012929::PLX  436.00::TYC 1758-2416-1::GSC 01758-02416
N01-Ash,* bet Ari,Sheratan,0,2.7,4.0,28.66,20.81,Hamal,HIP   8903,1485518,WEB  1872::2MASS J01543840+2048291::PLX  394::SBC9 98::* bet Ari::*   6 Ari::AG+20  171::BD+20   306::CEL    180::CSV 100146::FK5   66::GC  2309::GCRV  1058::GEN# +1.00011636::GJ    80::HD  11636::HIC   8903::HIP   8903::HR   553::IRAS 01518+2033::IRC +20031::JP11   551::N30  395::NSV   658::PMC 90-93    48::PPM  91184::ROT   269::SAO  75012::SBC7    67::SKY#  2798::SRS  30066::SV* ZI   101::TD1  1090::UBV    1907::UBV M   8501::YZ  20   543::uvby98 100011636::PLX  394.00::TYC 1212-1935-1::Renson 2970::NAME Sheratan::** MKT    3::WDS J01546+2049AB::CCDM J01546+2048AB
N02-Bha,*  41 Ari,Bharani,1,3.6,3.0,42.50,27.26,Bharani,HIP  13209,1538201,NAME Bharani::WEB  2655::Gaia DR2 116339982465090048::2MASS J02495902+2715381::*  41 Ari::ADS  2159 A::AG+27  302::BD+26   471::CCDM J02499+2715A::CSI+26   471  1::CSV 100234::FK5  100::GC  3391::GCRV  1585::GEN# +1.00017573A::GSC 01789-01490::HD  17573::HGAM    174::HIC  13209::HIP  13209::HR   838::IDS 02441+2651 A::JP11   704::N30  578::NSV   951::PLX  575::PMC 90-93    72::PPM  92012::ROT   382::SAO  75596::SKY#  4253::SRS  30100::SV* ZI   156::TD1  1691::TYC 1789-1490-1::UBV    2759::UBV M   9169::YPAC   7::[HFE83]  178::WDS J02500+2716Aa;Ab::** MCA   10::** STT   47A::WDS J02500+2716A::IRAS 02470+2703::AKARI-IRC-V1 J0249590+271536::WISE J024959.08+271536.8::WISEA J024959.11+271536.9
N02-Bha,*  31 Ari,xxx,0,5.7,1.0,39.16,12.45,Bharani,HIP  12153,1456524,WEB  2496::PLX  526::LSPM J0236+1226::ASCC  918378::2MASS J02363787+1226517::USNO-B1.0 1024-00031710::*  31 Ari::AG+12  276::BD+11   360::FK5 2179::GC  3133::GCRV  1471::GEN# +1.00016234::HD  16234::HIC  12153::HIP  12153::HR   763::IRAS 02339+1213::LTT 10864::NLTT  8469::PPM 118379::ROT   352::SAO  93022::SKY#  3881::TD1  1531::UBV M   9052::YZ  12   759::uvby98 100016234::PLX  526.00::WDS J02366+1227AB::** MCA    7::WISEA J023638.11+122650.7
N02-Bha,*  35 Ari,xxx,0,4.7,2.0,40.86,27.71,Bharani,HIP  12719,1538029,WEB  2586::Gaia DR2 127114543583090176::2MASS J02432711+2742257::SBC9 139::*  35 Ari::AG+27  291::BD+27   424::FK5   94::GC  3273::GCRV  1534::GEN# +1.00016908::GSC 01776-01395::HD  16908::HGAM    167::HIC  12719::HIP  12719::HR   801::IRAS 02405+2729::JP11   689::N30  549::PMC 90-93    68::PPM  91923::ROT   368::SAO  75532::SKY#  4083::SRS  30094::TD1  1609::TYC 1776-1395-1::UBV    2703::UBV M   9115::YPAC   6::uvby98 100016908
N03-Kri,* eta Tau,Alcyone,1,2.9,4.0,56.87,24.11,Alcyone,HIP  17702,676410,WEB  3382::Gaia DR2 66714384141781760::2MASS J03472908+2406184::PLX  821::Cl* Melotte   22      K      60::Cl* Melotte   22     VM      32::Cl* Melotte   22    MSH     194::Cl* Melotte   22    MSK     141::Cl* Melotte   22    TRU     414::Cl* Melotte   22    WCZ     236::[JE82]  124::* eta Tau::*  25 Tau::AG+23  323::BD+23   541::BDS  1875 A::CCDM J03474+2407A::CEL    344::EM* MWC   74::FK5  139::GC  4541::GCRV  2135::GEN# +5.20221432::GSC 01800-02202::HD  23630::HGAM    274::HIC  17702::HIP  17702::HR  1165::IDS 03415+2348 A::IRAS 03445+2357::IRC +20063::JP11  4669::JP11  4680::N30  776::NAME Alcyone::PMC 90-93   100::PPM  92898::ROT  3785::SAO  76199::SKY#  5771::SRS  30139::TYC 1800-2202-1::UBV    3639::VDB  23::XZ   4911::[B10]   869::EPIC 200007767::[KSP2003] G166.6680-23.4550::[SCG94] O 165::[SCG94] X 180::uvby98 520221432::Cl Melotte   22  1432::ALS 15094::1E 0344.5+2357::[KSP2003] J034729.04+240619.4::WDS J03475+2406A::Cl* Melotte   22    HII    1432::** STF 4008A::** STFA    8A
N03-Kri,*  17 Tau,Electra,0,3.7,3.0,56.22,24.11,Alcyone,HIP  17499,661210,WEB  3317::RAVE J034452.5+240648::Gaia DR2 65271996684277504::2MASS J03445253+2406478::PLX  793::Cl* Melotte   22    MSH      79::Cl* Melotte   22    MSK      37::Cl* Melotte   22    TRU     148::Cl* Melotte   22    WCZ      52::SBC9 188::[JE82]  122::*  17 Tau::AAVSO 0338+23B::AG+23  302::BD+23   507::CEL    316::EM* MWC   72::FK5  136::GC  4477::GCRV  2079::GEN# +5.20220468::GSC 01799-01441::HD  23302::HGAM    257::HIC  17499::HIP  17499::HR  1142::IRAS 03418+2357::JP11  4599::N30  764::NAME Electra::PMC 90-93    97::PPM  92806::ROT  3741::SAO  76131::SBC7   136::SKY#  5687::SRS  30136::TD1  2471::TYC 1799-1441-1::UBV M  40997::UBV    3562::VDB  20::[B10]   852::EPIC 200007769::[HFE83]  249::[KSP2003] G166.1800-23.8485::[SCG94] O  59::uvby98 520220468::Cl Melotte   22   468::Cl Melotte   22  4681::ALS 15826::Cl* Melotte   22      K       7::PLX  793.00::[KSP2003] J034452.49+240649.0::WDS J03449+2407A::Cl* Melotte   22    HII     468::PMSC 03390+2348Aabc
N03-Kri,* q Tau,Taygeta,0,4.3,3.0,56.30,24.47,Alcyone,HIP  17531,674152,WEB  3324::Gaia DR2 65296907494549120::2MASS J03451250+2428021::*  19 Tau::Cl* Melotte   22      K      12::Cl* Melotte   22    MSK      45::Cl* Melotte   22    TRU     170::Cl* Melotte   22    WCZ      70::NAME Taygeta::* q Tau::2E   849::AG+24  329::BD+24   547::BDS  1848 A::CCDM J03452+2429A::CEL    319::CSI+24   547  1::GC  4486::GCRV  2086::GEN# +5.20220563::GSC 01803-01585::HD  23338::HGAM    259::HIC  17531::HIP  17531::HR  1145::IDS 03393+2409 A::IRAS 03421+2418::JP11  4610::NAME Taygete::NSV  1264::PMC 90-93  5601::PPM  92818::ROT  3746::SAO  76140::SKY#  5699::TYC 1803-1585-1::UBV    3570::UBV M  41007::YPAC 323::[B10]   856::DANCe J03451249+2428022::EPIC 200007772::[KSP2003] G165.9834-23.5342::[SCG94] O  69::[SCG94] X  86::uvby98 520220563::Cl Melotte   22   563::Cl Melotte   22  5631::ALS 15093::Cl* Melotte   22    MSH      95::1RXS J034514.6+242815::2E 0342.2+2418::[KSP2003] J034512.46+242803.7::PSCz P03421+2418::WDS J03452+2428A::Cl* Melotte   22    HII     563
N03-Kri,*  20 Tau,Maia,0,3.9,3.0,56.46,24.37,Alcyone,HIP  17573,674364,WEB  3336::Gaia DR2 65283232318680704::2MASS J03454960+2422037::Cl* Melotte   22      K      23::Cl* Melotte   22    MSH     116::Cl* Melotte   22    MSK      67::Cl* Melotte   22    TRU     231::Cl* Melotte   22    WCZ     110::*  20 Tau::AG+24  335::BD+23   516::CEL    324::CSV 100311::GC  4500::GCRV  2097::GEN# +5.20220785::GSC 01799-01439::HD  23408::HGAM    262::HIC  17573::HIP  17573::HR  1149::IRAS 03428+2412::JP11  4627::NAME Maia::NSV  1279::PPM  92841::ROT  3756::SAO  76155::SKY#  5719::SV* ZI   218::TD1  2489::TYC 1799-1439-1::UBV    3582::UBV M  41028::VDB  21::[B10]   860::DANCe J03454961+2422039::EPIC 200007771::[KSP2003] G166.1705-23.5140::[SCG94] O  99::uvby98 520220785::Cl Melotte   22   785::Cl Melotte   22  7851::ALS 15827::1E 0343.3+2347::[KSP2003] J034549.66+242205.2::WDS J03458+2422A::Cl* Melotte   22    HII     785::Renson 6000
N03-Kri,*  23 Tau,Merope,0,4.2,3.0,56.58,23.95,Alcyone,HIP  17608,675803,** DRS    4::WDS J03463+2357Aa;Ab::** HL   15A::CCDM J03463+2357AB::uvby98 520220980::WEB  3354::Gaia DR2 65205373151673344::2MASS J03461958+2356541::*  23 Tau::Cl* Melotte   22      K      31::Cl* Melotte   22    MSK      88::Cl* Melotte   22    TRU     286::Cl* Melotte   22    WCZ     140::[JE82]  123::2E   862::AAVSO 0340+23::AG+23  309::BD+23   522::BDS  1858 A::CCDM J03463+2357A::CEL    331::CSI+23   522  1::EM* MWC   73::GC  4512::GCRV  2108::GEN# +5.20220980::GSC 01800-02204::HD  23480::HIC  17608::HIP  17608::HR  1156::IDS 03404+2338 A::IRAS 03433+2347::NAME Merope::NSV  1287::PMC 90-93  5602::PPM  92859::ROT  3764::SAO  76172::SKY#  5737::TD1  2500::TYC 1800-2204-1::UBV    3607::UBV M  41050::USNO-A2.0 1125-01259575::V* V971 Tau::VDB  22::[B10]   865::DANCe J03461957+2356541::EPIC 200007770::[DML87] 101::[KRL2001] 51::[KSP2003] G166.5697-23.7490::[SCG94] X 123::[SCG94] O 116::Cl Melotte   22   980::ALS 15828::1RXS J034620.7+235713::2E 0343.3+2347::CXOP J034619.5+235653::[KSP2003] J034619.56+235654.6::[TSA98] J034619.10+235648.43::UCAC3 228-18525::Cl* Melotte   22    HII     980::WDS J03463+2357A
N03-Kri,*  27 Tau,Atlas,0,3.6,3.0,57.29,24.05,Alcyone,HIP  17847,675903,WEB  3427::Gaia DR2 66526127136550784::2MASS J03490974+2403121::PLX  834::Cl* Melotte   22      K      83::Cl* Melotte   22    MSH     239::Cl* Melotte   22    MSK     190::Cl* Melotte   22    TRU     594::Cl* Melotte   22    WCZ     367::SBC9 196::*  27 Tau::ADS  2786 AB::ADS  2786 A::AG+23  331::BD+23   557::CCDM J03492+2403AB::CEL    354::CSV 100333::FK5  142::GC  4586::GCRV  2171::GEN# +5.20222168J::HD  23850::HGAM    286::HIC  17847::HIP  17847::HR  1178::JP11  4701::N30  786::NAME Atlas::NSV  1345::PMC 90-93   102::PPM  92934::ROT  3797::SAO  76228::SBC7   143::SKY#  5825::SRS  30142::TD1  2548::TYC 1800-2203-1::UBV    3678::[B10]   877::DANCe J03490974+2403123::EPIC 200007768::[KSP2003] G167.0133-23.2345::[SCG94] O 197::Cl Melotte   22  2168::ALS 15095::SV* ZI   236::PLX  834.00::Cl* Melotte   22     VM      52::[KSP2003] J034909.65+240312.6::WDS J03492+2403AB::Cl* Melotte   22    HII    2168::IDS 03432+2345::** STF  453::IRAS 03461+2354::Renson 6100::BD+23   557A::AKARI-IRC-V1 J0349097+240312::uvby98 520222168
N03-Kri,*  28 Tau,Pleione,0,5.1,2.0,57.30,24.14,Alcyone,HIP  17851,676291,uvby98 520222181::GEN# +5.20222181::WEB  3429::Gaia DR2 66529975427235712::2MASS J03491121+2408120::GC  4587::PLX  833::Cl* Melotte   22      K      85::Cl* Melotte   22    MSK     191::Cl* Melotte   22    TRU     602::Cl* Melotte   22    WCZ     372::[JE82]  126::*  28 Tau::AAVSO 0343+23::AG+23  332::BD+23   558::CEL    356::EM* MWC   75::GCRV  2172::GSC 01800-02200::HD  23862::HGAM    287::HIC  17851::HIP  17851::HR  1180::JP11  4704::NAME Pleione::PPM  92936::ROT  3799::SAO  76229::SKY#  5826::TD1  2552::TYC 1800-2200-1::UBV    3682::V* BU Tau::YZ  23  1196::DANCe J03491122+2408122::EPIC 200007773::[KSP2003] G166.9564-23.1693::[SCG94] X 230::[SCG94] O 199::Cl Melotte   22  2181::PLX  833.00::Cl* Melotte   22     VM      53::1E 0346.2+2359::[KSP2003] J034911.18+240812.8::UCAC3 229-19912::WDS J03492+2408Aa;Ab::CSI+24-03431  1::Cl Melotte   22   878::Cl* Melotte   22    HII     878::Cl* Melotte   22    HII    2181::IRAS 03462+2359::AKARI-IRC-V1 J0349112+240812
N04-Roh,* alf Tau,Aldebaran,1,0.9,6.0,68.98,16.51,Aldebaran,HIP  21421,719377,uvby98 100029139::WEB  4111::2MASS J04355524+1630331::PLX 1014::LSPM J0435+1630::ASCC  838711::USNO-B1.0 1065-00048822::* alf Tau::*  87 Tau::ADS  3321 A::AG+16  400::BD+16   629::CCDM J04359+1631A::CEL    436::CSI+16   629  1::CSV   6116::FK5  168::GC  5605::GCRV  2689::GEN# +1.00029139::GJ   171.1 A::GJ  9159 A::HD  29139::HIC  21421::HIP  21421::HR  1457::IDS 04302+1619 A::IRAS 04330+1624::IRC +20087::JP11   898::LTT 11462::N30  962::NAME Aldebaran::NLTT 13584::PMC 90-93   119::PPM 120061::RAFGL  601::ROT   655::SAO  94027::SKY#  7128::SRS  30168::TD1  3349::UBV    4426::UBV M  10223::V* alf Tau::YZ  16  1233::[B10]  1077::TYC 1266-1416-1::GSC 01266-01416::WDS J04359+1631A::GAT 1331::** BU  550A::** BU 1031A::** STF 4002A
N04-Roh,* gam Tau,Prima Hyadum,0,3.7,3.0,64.95,15.63,Aldebaran,HIP  20205,708551,[RSP2011] 229::WEB  3852::Gaia DR2 3312052249216467328::2MASS J04194757+1537395::Cl* Melotte   25    MMU      28::Cl* Melotte   25     VA     175::*  54 Tau::* gam Tau::2E   975::2RE J041945+153637::2RE J0419+153::AG+15  356::BD+15   612::CSV 102439::FK5  159::GC  5226::GCRV  2486::GEN# +5.20250028::GSC 01264-01009::HD  27371::HIC  20205::HIP  20205::HR  1346::IRAS 04169+1530::IRC +20074::JP11  4797::N30  889::NSV  1553::PMC 90-93   114::PPM 119792::RAFGL  566::RE J041944+153624::RE J0419+153::ROT  3838::SAO  93868::SKY#  6630::SRS  30159::TD1  3025::TYC 1264-1009-1::UBV    4176::UBV M  41234::YZ  15  1137::[B10]  1000::[HFE83]  290::uvby98 520250028::Cl Melotte   25    28::Cl* Melotte   25      S       1::PLX  954.02::1RXS J041947.6+153740::2E 0416.9+1530::EUVE J0419+15.6::** BLM    1::WDS J04198+1538AB::CCDM J04198+1538AB::UCAC4 529-008241::NAME Prima Hyadum
N04-Roh,* del Tau,Secunda Hyadum,0,3.8,3.0,65.73,17.54,Aldebaran,HIP  20455,708562,[RSP2011] 261::WEB  3912::Gaia DR2 3314024566918614528::2MASS J04225609+1732331::Cl* Melotte   25    MMU      41::PLX  965::Cl* Melotte   25      S       2::Cl* Melotte   25     VA     256::SBC9 239::* del Tau::* del01 Tau::*  61 Tau::2E  1001::2E 0420.0+1726::AG+17  384::BD+17   712::CCDM J04229+1733A::CSI+17   712  1::CSV 102443::FK5  162::GC  5304::GCRV  2535::GEN# +5.20250041::GSC 01268-01267::HD  27697::HIC  20455::HIP  20455::HR  1373::IDS 04172+1718 A::IRAS 04200+1725::IRC +20076::JP11  4819::N30  904::NSV  1582::PMC 90-93   116::PPM 119835::RAFGL 4340S::ROT  3851::SAO  93897::SBC7   176::SKY#  6743::SRS  30162::TD1  3094::TYC 1268-1267-1::UBV    4227::UBV M  41247::YZ  17  1151::uvby98 520250041::Cl Melotte   25    41::Cl Melotte   25   411::PLX  965.00::WDS J04230+1732Aa;Ab::1RXS J042255.4+173235::LP   17-712::UCAC4 538-008812::** CHR  262::NAME Secunda Hyadum
N04-Roh,* eps Tau,Ain,0,3.5,3.0,67.15,19.18,Aldebaran,HIP  20889,708367,[RSP2011] 357::WEB  4009::EPIC 210754593::2MASS J04283697+1910494::PLX  987::Cl* Melotte   25      S       3::* eps Tau::*  74 Tau::AG+19  352::BD+18   640::CCDM J04286+1911A::CSI+18   640  1::FK5  164::GC  5430::GCRV  2605::GEN# +5.20250070::GSC 01273-01104::HD  28305::HIC  20889::HIP  20889::HR  1409::IDS 04228+1858 A::IRAS 04256+1904::IRC +20080::JP11  4862::LP   18-640::N30  931::PMC 90-93   117::PPM 119934::RAFGL 4345S::ROT  3871::SAO  93954::SKY#  6922::SRS  30164::TD1  3201::TYC 1273-1104-1::UBV    4302::UBV M  10146::UBV M  41276::YZ  19  1188::[B10]  1044::uvby98 520250070::Gaia DR2 48026706557926528::Cl Melotte   25    70::Cl Melotte   25   701::Cl* Melotte   25    MMU      70::PLX  987.00::WDS J04286+1911Aa;Ab::WDS J04286+1911A::** BUP   61A::** WSI   53::NAME Ain
N04-Roh,* tet02 Tau,Chamukuy,0,3.4,4.0,67.17,15.87,Aldebaran,HIP  20894,708990,** MKT   13::WDS J04287+1552A::NAME Chamukuy::uvby98 520250072::[RSP2011] 359::WEB  4012::Gaia DR2 3312744219987686144::2MASS J04283971+1552151::PLX  989::Cl* Melotte   25      S      35::Cl* Melotte   25     VA     491::SBC9 248::*  78 Tau::* tet02 Tau::2E  1053::AG+15  370::BD+15   632::BDS  2212 A::CEL    407::GC  5436::GCRV  2609::GEN# +1.00028319::GEN# +5.20250072::GSC 01265-01172::HD  28319::HIC  20894::HIP  20894::HR  1412::IRAS 04257+1545::JP11  4866::N30  933::PMC 90-93  5881::PPM 119937::ROT  3873::SAO  93957::SBC7   180::SKY#  6924::TD1  3206::TYC 1265-1172-1::UBV    4306::UBV M  10149::UBV M  41278::V* tet02 Tau::YPAC 349::YZ  15  1190::Cl Melotte   25    72::Cl Melotte   25   721::PLX  989.00::2E 0425.8+1546::EUVE J0428+15.8::[TSA98] J042839.13+155250.73::WDS J04287+1552Aa;Ab::Renson 7240::UCAC4 530-008822
N05-Mrg,* gam Ori,Bellatrix,1,1.6,5.0,81.28,6.35,Bellatrix,HIP  25336,784400,WEB  4913::PLX 1229::* gam Ori::*  24 Ori::AG+06  574::BD+06   919::CCDM J05252+0620A::CSI+06   919  1::CSV 100483::FK5  201::GC  6668::GCRV  3252::GEN# +1.00035438::GEN# +1.00035468::HD  35468::HGAM    397::HIC  25336::HIP  25336::HR  1790::IDS 05198+0615 A::IRC +10084::JP11  1071::MCW  308::N30 1162::NAME Bellatrix::NSV  1972::PMC 90-93   144::PPM 148916::ROT   793::SAO 112740::SKY#  8617::SV* ZI   374::TD1  4558::UBV    5149::UBV M  10933::[HFE83]  375::[SC93b] 179::uvby98 100035468::ALS 14777::PLX 1229.00::1RXS J052507.7+062103::EUVE J0525+06.3::2MASS J05250786+0620589::WDS J05251+0621A::TYC  113-1856-1::IRAS 05224+0618::AKARI-IRC-V1 J0525078+062058
N05-Mrg,* phi01 Ori,lambda Ori X-5,0,4.4,3.0,83.71,9.49,Bellatrix,HIP  26176,797117,WEB  5100::Gaia DR2 3337904172766584064::2MASS J05344923+0929225::*  37 Ori::PLX 1269::SBC9 334::* phi01 Ori::2E  1327::2E 0532.0+0928::AG+09  544::BD+09   877::CEL    804::FK5  208::GC  6907::GCRV  3390::GEN# +1.00036822::GSC 00705-02401::HD  36822::HGAM    426::HIC  26176::HIP  26176::HR  1876::JP11  1164::MCW  330::N30 1194::PPM 149155::ROT   860::SAO 112914::SBC7   236::SKY#  8990::TD1  4886::TYC  705-2401-1::UBV    5437::UBV M  11176::YPAC  25::[SC93b] 294::uvby98 100036822::ALS 14782::PLX 1269.00::1RXS J053449.6+092859::WDS J05348+0929AB::** MCA   20::IRAS 05320+0927::AKARI-IRC-V1 J0534492+092922::NAME lambda Ori X-5
N05-Mrg,* lam Ori,Heka,0,3.7,3.0,83.78,9.93,Bellatrix,HIP  26207,797122,PLX 1271::* lam Ori::ADS  4179 AB::AG+09  550::BD+09   879::CCDM J05351+0956AB::CSI+09   879  2::CSV 100542::GC  6915::GEN# +1.00036861J::HD  36861J::HIC  26207::HIP  26207::IDS 05296+0952 AB::PPM 149166::SAO 112921::UBV    5449::EUVE J0535+09.9::WDS J05351+0956AB::** STF  738AB::2MASS J05350831+0956036::AAVSO 0529+09::NSV  2240::NAME Heka::NAME Meissa::uvby98 100036861
N06-Ard,* alf Ori,Betelgeuse,1,0.4,7.0,88.79,7.41,Betelgeuse,HIP  27989,843879,WEB  5485::2MASS J05551028+0724255::PLX 1362::*  58 Ori::* alf Ori::AAVSO 0549+07::ADS  4506 AP::AG+07  681::BD+07  1055::CCDM J05552+0724AP::CSI+07  1055  1::EIC   108::FK5  224::GC  7451::GCRV  3679::GEN# +1.00039801J::GSC 00129-01873::HD  39801::HIC  27989::HIP  27989::HR  2061::IRAS 05524+0723::IRC +10100::JP11  1282::N30 1266::NAME Betelgeuse::PMC 90-93   162::PPM 149643::RAFGL  836::SAO 113271::SKY#  9804::TD1  5587::TYC  129-1873-1::UBV   21314::V* alf Ori::YZ   7  2503::[LFO93] 0552+07::JCMTSE J055510.1+072426::PLX 1362.00::JCMTSF J055510.1+072426::WDS J05552+0724Aa;Ab::** H  639A::WDS J05552+0724Aa;Ac::WDS J05552+0724A::** KAR    1
N07-Pun,* bet Gem,Pollux,1,1.1,6.0,116.33,28.03,Pollux,HIP  37826,1003999,WEB  7472::PLX 1826::LSPM J0745+2801::ASCC  674757::USNO-B1.0 1180-00191173::*  78 Gem::* bet Gem::2E  1872::ADS  6335 A::AG+28  833::BD+28  1463::CCDM J07454+2802A::CSI+28  1463  1::CSV 100892::CTI 074434.0+280331::Ci 20  437::FK5  295::GC 10438::GCRV  5166::GEN# +1.00062509J::GJ   286::HD  62509::HIC  37826::HIP  37826::HR  2990::IDS 07392+2816 A::IRAS 07422+2808::IRC +30194::JP11  1588::LFT  548::LHS  1945::LTT 12065::N30 1758::NLTT 18379::NSV  3712::PM 07423+2809::PMC 90-93   216::PPM  97924::RAFGL 1183::ROT  1249::SAO  79666::SKY# 14351::SRS  30295::SV* ZI   656::TD1 10866::UBV    7418::UBV M  13566::2MASS J07451891+2801340::PLX 1826.00::2E 0742.2+2808::1RXS J074519.3+280123::WDS J07453+2802A::TYC 1920-2194-1::uvby98 100062509::NAME Pollux
N07-Pun,* alf Gem,Castor,0,1.6,5.0,113.65,31.89,Pollux,HIP  36850,983633,PLX 1785::PLX 1785.00::GEN# +1.00060179::WDS J07346+3153AB::NLTT 18087::* alf Gem::*  66 Gem::ADS  6175 AB::AG+31  789::BD+32  1581::CCDM J07346+3153AB::CSI+32  1581  1::FK5  287::GC 10120::HD  60178J::HIC  36850::HIP  36850::IRAS 07314+3159::IRC +30188::LTT 12038::NAME Castor::NAME Castor AB::PMC 90-93   208::PPM  72938::RAFGL 1144::SAO  60198::SRS  30287::TD1 10405::UBV    7277::[HFE83]  521::GJ   278.0::2MASS J07343598+3153184::** STF 1110AB::2XMM J073435.6+315318
N08-Pus,* del Cnc,Asellus Australis,1,3.9,3.0,131.17,18.15,Asellus Australis,HIP  42911,1110026,WEB  8290::Gaia DR2 660136821288967296::PLX 2086::NAME Asellus Australis::ASCC  860185::LSPM J0844+1809::TYC 1396-2758-1::USNO-B1.0 1081-00199805::* del Cnc::*  47 Cnc::ADS  6967 A::AG+18  894::BD+18  2027::CCDM J08447+1809A::CSI+18  2027  1::FK5  326::GC 12022::GCRV  5768::GEN# +1.00074442::HD  74442::HIC  42911::HIP  42911::HR  3461::IDS 08390+1831 A::IRAS 08418+1820::IRC +20205::JP11  1709::LTT 12274::N30 2038::NLTT 20152::PMC 90-93   238::PPM 125682::RAFGL 1285::ROT  1374::SAO  98087::SKY# 16778::SRS  30326::TD1 12978::UBV    8443::UBV M  14644::YPAC  37::YZ  18  3502::2MASS J08444109+1809158::PLX 2086.00::WDS J08447+1809A::WDS J08447+1809Aa::WDS J08447+1809Aa;Ab::** TOK    3::** HJ  457A
N09-Ash,* del Hya,xxx,0,4.1,3.0,129.41,5.70,Minazal,HIP  42313,1113830,WEB  8133::Gaia DR2 594595517272044288::FK5 1223::PLX 2053::* del Hya::*   4 Hya::AG+05 1263::BD+06  2001::CCDM J08376+0543A::CSI+06  2001  1::GC 11823::GCRV  5669::GEN# +1.00073262::GSC 00223-01795::HD  73262::HIC  42313::HIP  42313::HR  3410::JP11  1690::N30 2005::PMC 90-93   833::PPM 154763::ROT  1356::SAO 116965::SKY# 16483::TD1 12785::TYC  223-1795-1::UBV    8184::UBV M  14512::YZ   5  4697::[HFE83]  595::uvby98 100073262::2MASS J08373936+0542136::PLX 2053.00::1RXS J083740.1+054217::IRAS 08350+0552::AKARI-IRC-V1 J0837393+054213::WDS J08377+0542AB::** DRS    9::** BUP  118A
N09-Ash,* sig Hya,Minchir,0,4.4,3.0,129.69,3.34,Minazal,HIP  42402,1114306,NAME Minchir::WEB  8151::Gaia DR2 3080111439567837824::PLX 2059::* sig Hya::*   5 Hya::AG+03 1189::BD+03  2026::EIC   218::FK5 1224::GC 11856::GCRV  5683::GEN# +1.00073471::GSC 00215-02022::HD  73471::HIC  42402::HIP  42402::HR  3418::IRAS 08361+0331::IRC +00176::JP11  1694::N30 2012::PMC 90-93   834::PPM 154796::RAFGL 1276::ROT  1358::SAO 116988::SKY# 16535::TD1 12816::TYC  215-2022-1::UBV    8226::UBV M  14536::YZ   3  3471::2MASS J08384544+0320293::PLX 2059.00
N09-Ash,* eta Hya,xxx,0,4.3,3.0,130.81,3.40,Minazal,HIP  42799,1114529,uvby98 100074280::WEB  8265::Gaia DR2 3079329270187691008::*   7 Hya::* eta Hya::AAVSO 0838+03::AG+03 1197::BD+03  2039::CSV 100996::FK5 2687::GC 11987::GCRV  5754::GEN# +1.00074280::GSC 00215-02021::HD  74280::HIC  42799::HIP  42799::HR  3454::IRAS 08406+0334::JP11  1702::N30 2036::NSV  4212::PPM 154889::ROT  1369::SAO 117050::SKY# 16733::TD1 12946::TYC  215-2021-1::UBV M  14621::UBV    8422::V* eta Hya::YZ   3  3499::[GS83]   7::2MASS J08431347+0323552::SV* ZI   717
N09-Ash,* eps Hya,Ashlesha,0,3.4,4.0,131.69,6.42,Minazal,HIP  43109,1113500,TYC  224-1333-1::ADS  6993 AB::CCDM J08468+0625AB::WDS J08468+0625AB::** SP    1::** STF 1273AB::WEB  8321::PLX 2096::SBC9 533::SBC9 532::LSPM J0846+0625::NLTT 20227::ASCC 1035714::2MASS J08464653+0625075::USNO-B1.0 0964-00173309::*  11 Hya::* eps Hya::2RE J0846+062::2RE J084647+062504::BD+06  2036::GC 12102::GCRV  5788::HD  74874::HIC  43109::HIP  43109::HR  3482::IRC +10193::JP11  1713::LTT 12282::N30 2058::NSV  4244::RAFGL 1289::RE J084647+062505::RE J0846+062::ROT  1382::SAO 117112::SBC7   354::SKY# 16879::NAME Ashlesha::TD1 13049::UBV M  14695::UBV    8500::V* eps Hya::YPAC 467::YZ   6  4792::uvby98 100074874 ABV::PLX 2096.00::2EUVE J0846+06.4::EUVE J0846+06.4::1RXS J084646.9+062518::IRAS 08441+0636
N09-Ash,* rho Hya,xxx,0,4.3,3.0,132.11,5.84,Minazal,HIP  43234,1113873,WEB  8335::Gaia DR2 582791194796026752::PLX 2105::IRAS 08457+0601::AKARI-IRC-V1 J0848259+055015::* rho Hya::*  13 Hya::ADS  7006 A::AG+06 1139::BD+06  2040::CCDM J08484+0550A::CSI+06  2040  1::CSI+06  2040  3::GC 12148::GCRV  5801::GEN# +1.00075137J::GSC 00224-01334::HD  75137::HIC  43234::HIP  43234::HR  3492::IDS 08431+0612 A::JP11  1721::PPM 155024::ROT  1386::SAO 117146::SKY# 16932::TD1 13097::TYC  224-1334-1::UBV    8529::UBV M  14734::YPAC 469::YZ   6  4810::2MASS J08482598+0550161::PLX 2105.00::WDS J08484+0550A::uvby98 100075137
N09-Ash,* zet Hya,xxx,0,3.1,4.0,133.85,5.95,Minazal,HIP  43813,1136978,WEB  8426::Gaia DR2 583588100208201984::PLX 2134::* zet Hya::*  16 Hya::AG+06 1155::BD+06  2060::EIC   224::FK5  334::GC 12327::GCRV  5866::GEN# +1.00076294::GSC 00225-01116::HD  76294::HIC  43813::HIP  43813::HR  3547::IRAS 08527+0608::IRC +10196::JP11  1732::N30 2096::PMC 90-93   242::PPM 155196::RAFGL 1299::ROT  1402::SAO 117264::SKY# 17200::TD1 13277::TYC  225-1116-1::UBV    8636::UBV M  14894::YZ   6  4871::2MASS J08552362+0556441::PLX 2134.00
N10-Mag,* alf Leo,Regulus,1,1.4,6.0,152.09,11.97,Regulus,HIP  49669,1689590,WEB  9160::PLX 2384::LSPM J1008+1158::ASCC  949713::USNO-B1.0 1019-00203254::* alf Leo::*  32 Leo::2E  2231::ADS  7654 A::AG+12 1199::BD+12  2149::CCDM J10083+1159A::CSI+12  2149  1::CSV 101099::FK5  380::GC 13926::GCRV  6417::GEN# +1.00087901A::GJ  9316 A::HD  87901::HGAM    596::HIC  49669::HIP  49669::HR  3982::IRAS 10056+1212::IRC +10226::JP11  1896::LTT 12716::N30 2414::NAME Regulus::NLTT 23490::NSV  4750::PMC 90-93   274::PPM 127140::RAFGL 4771S::ROT  1536::SAO  98967::SKY# 19511::SRS  30380::SV* ZI   793::TD1 14585::UBV    9452::UBV M  15960::YPAC  43::[HFE83]  708::uvby98 100087901 A::2MASS J10082229+1158018::WDS J10084+1158A::2E 1005.5+1213::TYC  833-1381-1::PMSC 10030+1227A::** STF 5006A
N10-Mag,* eps Leo,xxx,0,3.0,4.0,146.46,23.77,Regulus,HIP  47908,1656037,uvby98 100084441::WEB  8962::Gaia DR2 641662895637218304::PLX 2310::*  17 Leo::* eps Leo::AG+24 1096::BD+24  2129::FK5  367::GC 13443::GCRV  6274::GEN# +1.00084441::GSC 01960-01550::HD  84441::HIC  47908::HIP  47908::HR  3873::IRAS 09430+2400::IRC +20215::JP11  1858::N30 2334::NSV  4613::PMC 90-93   263::PPM  99836::ROT  1507::SAO  81004::SKY# 18864::SRS  30367::TD1 14240::TYC 1960-1550-1::UBV    9223::UBV M  15683::UBV M  16006::YPAC  42::[HFE83]  681::2MASS J09455108+2346273::PLX 2310.00
N10-Mag,* mu. Leo,Rasalas,0,3.9,3.0,148.19,26.01,Regulus,HIP  48455,1655792,WEB  9034::Gaia DR2 643819484616249984::PLX 2338::LSPM J0952+2600::TYC 1964-1473-1::ASCC  680731::USNO-B1.0 1160-00169660::* mu. Leo::*  24 Leo::AG+26 1058::BD+26  2019::FK5  371::GC 13590::GCRV  6325::GEN# +1.00085503::HD  85503::HIC  48455::HIP  48455::HR  3905::IRAS 09499+2614::IRC +30218::JP11  1879::LTT 12624::N30 2364::NLTT 22823::PMC 90-93   266::PPM  99922::RAFGL 1386::ROT  1518::SAO  81064::SKY# 19073::SRS  30371::TD1 14358::UBV    9276::UBV M  15761::YZ  26  5130::[GS83] 135::[L91b] 162::uvby98 100085503::2MASS J09524585+2600248::PLX 2338.00::NAME Rasalas
N10-Mag,* eta Leo,xxx,0,3.4,4.0,151.83,16.76,Regulus,HIP  49583,1671384,WEB  9145::Gaia DR2 622052899597361920::PLX 2380::*  30 Leo::* eta Leo::AG+17 1099::BD+17  2171::CCDM J10073+1646AB::FK5  379::GC 13899::GCRV  6405::GEN# +1.00087737J::GSC 01412-01695::HD  87737::HIC  49583::HIP  49583::HR  3975::IDS 10019+1715 AB::IRAS 10046+1700::JP11  1892::MCW  549::N30 2412::NSV  4738::PMC 90-93   273::PPM 127121::ROT  1531::SAO  98955::SKY# 19483::SRS  30379::TD1 14568::TYC 1412-1695-1::UBV    9435::UBV M  15943::2MASS J10071994+1645455::PLX 2380.00::WDS J10073+1646AB::** WRH   18AB::uvby98 100087737
N10-Mag,* zet Leo,Adhafera,0,3.4,4.0,154.17,23.42,Regulus,HIP  50335,1688086,WEB  9242::Gaia DR2 725422076533653504::PLX 2412::*  36 Leo::* zet Leo::AG+23 1076::BD+24  2209::BDS  5368 A::CCDM J10166+2327A::CSI+24  2209  1::FK5  384::GC 14107::GCRV  6478::GEN# +1.00089025::GSC 01969-01261::HD  89025::HIC  50335::HIP  50335::HR  4031::IDS 10110+2356 A::IRAS 10139+2340::IRC +20218::JP11  1921::N30 2440::NSV  4804::PMC 90-93   277::PPM 100220::RAFGL 1404::ROT  1552::SAO  81265::SKY# 19758::SRS  30384::TD1 14701::TYC 1969-1261-1::UBV    9527::UBV M  16081::YZ  23  3973::[HFE83]  716::uvby98 100089025::2MASS J10164142+2325023::PLX 2412.00::WDS J10167+2325A::NAME Adhafera
N10-Mag,* gam Leo,Algieba,0,2.4,5.0,154.99,19.84,Regulus,HIP  50583,1710355,* gam Leo::*  41 Leo::ADS  7724 AB::AG+20 1172::BD+20  2467::CCDM J10199+1951AB::CSI+20  2467  4::GEN# +1.00089484J::HIC  50583::HIP  50583::IDS 10145+2021 AB::UBV    9555::Pul -3  660026::WDS J10200+1950AB::** STF 1424AB::UCAC4 550-048977::2MASS J10195836+1950290::NAME Algieba::uvby98 100089484
N11-PPal,* del Leo,Zosma,1,2.5,4.0,168.53,20.52,Zosma,HIP  54872,1785786,WEB  9902::PLX 2614::LSPM J1114+2031::ASCC  776748::USNO-B1.0 1105-00197091::* del Leo::*  68 Leo::AG+20 1243::BD+21  2298::BDS  5709 A::CCDM J11141+2032A::CSI+21  2298  1::CSV 101190::FK5  422::GC 15438::GCRV  6892::GEN# +1.00097603::GJ   419::HD  97603::HGAM    602::HIC  54872::HIP  54872::HR  4357::IDS 11088+2104 A::IRC +20226::JP11  2038::LTT 13027::N30 2637::NLTT 26691::NSV  5143::PMC 90-93   304::PPM 100996::ROT  1671::SAO  81727::SKY# 21407::SRS  30422::SV* ZI   877::TD1 15474::UBV   10242::UBV M  16901::YPAC  46::uvby98 100097603::2MASS J11140651+2031258::PLX 2614.00::WDS J11141+2031A::TYC 1439-2479-1::NAME Zosma
N11-PPal,* tet Leo,Chertan,0,3.4,4.0,168.56,15.43,Zosma,HIP  54879,1786324,WEB  9905::Gaia DR2 3970052886914307200::PLX 2615::*  70 Leo::* tet Leo::AG+15 1219::BD+16  2234::FK5  423::GC 15441::GCRV  6894::GEN# +1.00097633::GSC 01437-02847::HD  97633::HIC  54879::HIP  54879::HR  4359::JP11  2040::N30 2638::NSV  5144::PMC 90-93   305::PPM 128087::ROT  1672::SAO  99512::SKY# 21410::SRS  30423::TD1 15476::TYC 1437-2847-1::UBV   10244::UBV M  16907::uvby98 100097633::2MASS J11141442+1525466::PLX 2615.00::Renson 28150::NAME Chertan
N12-UPal,* bet Leo,Denebola,1,2.1,5.0,177.26,14.57,Denebola,HIP  57632,1863953,uvby98 100102647::WEB 10349::PLX 2738::LSPM J1149+1434::ASCC  952815::2MASS J11490366+1434197::USNO-B1.0 1045-00205720::* bet Leo::*  94 Leo::ADS  8314 A::AG+14 1239::BD+15  2383::CCDM J11490+1433A::CSI+15  2383  1::CSV 101225::Ci 20  663::FK5  444::GC 16189::GCRV  7151::GEN# +1.00102647::GJ   448.0::GJ   448::HD 102647::HGAM    606::HIC  57632::HIP  57632::HR  4534::IDS 11440+1508 A::IRAS 11464+1451::IRC +10247::JP11  2102::LFT  853::LHS  2462::LTT 13249::N30 2755::NAME Denebola::NLTT 28642::NSV  5349::PM 11465+1451::PMC 90-93   319::PPM 128576::ROT  1752::SAO  99809::SKY# 22318::SV* ZI   900::TD1 15885::UBV   10637::UBV M  17408::V* bet Leo::[HFE83]  827::PLX 2738.00::WDS J11491+1434A::TYC  870-988-1
N12-UPal,*  93 Leo,xxx,0,4.5,2.0,177.00,20.22,Denebola,HIP  57565,1843859,uvby98 100102509::WEB 10337::CABS  98::PLX 2731::SBC9 690::*  93 Leo::2E  2534::2RE J1147+201::2RE J114757+201402::AG+20 1296::BD+21  2358::BDS  5921 A::CCABS  81::CCDM J11480+2014A::FK5 1304::GC 16173::GCRV  7141::GEN# +1.00102509::GSC 01443-02662::HD 102509::HIC  57565::HIP  57565::HR  4527::IDS 11428+2046 A::IRAS 11453+2029::IRC +20234::JP11  2099::N30 2752::PMC 90-93   901::PPM 101425::RBS  1036::RE J114758+201225::RE J1147+201::ROT  1747::SAO  81998::SBC7   443::SKY# 22288::SRS  31304::TD1 15870::TYC 1443-2662-1::UBV   10623::UBV M  17394::V* DQ Leo::YZ  20  4366::2MASS J11475915+2013080::PLX 2731.00::1ES 1145+20.4::1RXS J114759.3+201312::2E 1145.4+2029::2EUVE J1147+20.2::EUVE J1147+20.2::RX J1147.9+2013::RX J1147.9+2012::[ZEH2003] RX J1147.9+2013  1::WDS J11480+2013A::** MKT    7::** STFB    7A::** STF 5007A::PMSC 11428+2046Aab::WDS J11480+2013Aa;Ab::PMSC 11428+2046A
N13-Has,* del Crv,Algorab,1,2.9,4.0,187.47,-16.52,Algorab,HIP  60965,1946342,WEB 10850::Gaia DR2 3520586071216143488::PLX 2880::* del Crv::*   7 Crv::ADS  8572 A::BD-15  3482::CCDM J12299-1631A::CEL   4116::CSV 101281::FK5  465::GC 17029::GCRV  7515::GEN# +1.00108767A::HD 108767::HIC  60965::HIP  60965::HR  4757::IDS 12247-1558 A::IRAS 12272-1614::IRAS F12272-1614::IRC -20238::JP11  2224::LTT  4742::N30 2888::NLTT 30918::NSV  5656::PMC 90-93   331::PPM 225920::ROT  1830::SACS 270::SAO 157323::SKY# 23365::SV* ZI   940::TD1 16305::UBV   11226::uvby98 100108767 A::2MASS J12295187-1630552::PLX 2880.00::WDS J12299-1631A::TYC 6103-2395-1::** SHJ  145A::NAME Algorab
N13-Has,* alf Crv,Alchiba,0,4.0,3.0,182.10,-24.73,Algorab,HIP  59199,1899570,WEB 10532::Gaia DR2 3489338019474978176::PLX 2796::* alf Crv::*   1 Crv::2E  2594::CD-24 10174::CMC  308764::CMC  180505::CPD-24  4786::GC 16586::GCRV  7276::GEN# +1.00105452::GJ   455.3::GJ  9389::HD 105452::HIC  59199::HIP  59199::HR  4623::IRAS 12058-2426::JP11  2172::PPM 259912::RBS  1069::ROT  1784::SAO 180505::SKY# 22786::TD1 16089::UBV   10894::UBV M  17786::YZ 114  9205::uvby98 100105452::2MASS J12082481-2443440::PLX 2796.00::1RXS J120824.6-244336::2E 1205.8-2427::TYC 6672-995-1::IRAS C12058-2426::NAME Alchiba
N13-Has,* eps Crv,Minkar,0,3.0,4.0,182.53,-22.62,Algorab,HIP  59316,1899524,WEB 10552::Gaia DR2 3490234568127151616::PLX 2803::* eps Crv::*   2 Crv::BD-21  3487::CPD-21  5225::CSV 101240::FK5  453::GC 16618::GCRV  7289::GEN# +1.00105707::GSC 06668-00992::HD 105707::HIC  59316::HIP  59316::HR  4630::IRAS 12075-2220::IRC -20233::JP11  2178::N30 2817::NAME Minkar::NSV  5483::PMC 90-93   323::PPM 259949::RAFGL 1536::SACS 265::SAO 180531::SKY# 22826::SRS  30453::SV* ZI   914::TD1 16108::TYC 6668-992-1::UBV   10921::UBV M  17824::YZ 112  9220::[L91b] 202::2MASS J12100748-2237109::PLX 2803.00
N13-Has,* gam Crv,Gienah,0,2.6,4.0,183.95,-17.54,Algorab,HIP  59803,1920557,WEB 10626::* gam Crv::*   4 Crv::BD-16  3424::CSV 101250::FAUST 3054::FK5  457::GC 16740::GCRV  7338::GEN# +1.00106625::HD 106625::HIC  59803::HIP  59803::HR  4662::IRC -20235::JP11  2195::N30 2837::NSV  5515::PMC 90-93   326::PPM 225593::ROT  1796::SACS 267::SAO 157176::SKY# 22994::NAME Gienah::SV* ZI   921::TD1 16159::TYC 6098-1754-1::UBV   11010::[DBA2001] FA32::[HFE83]  862::uvby98 100106625::ALS 15805::Renson 30850::AKARI-IRC-V1 J1215483-173230::IRAS 12132-1715::2MASS J12154839-1732310
N13-Has,* bet Crv,Kraz,0,2.6,4.0,188.60,-23.40,Algorab,HIP  61359,1972271,WEB 10920::Gaia DR2 3501215730056271104::PLX 2896::* bet Crv::*   9 Crv::BD-22  3401::CD-22  3401::CD-22  9505::CPD-22  5388::CSV 101293::FK5  471::GC 17133::GCRV  7566::GEN# +1.00109379::HD 109379::HIC  61359::HIP  61359::HR  4786::IRAS 12317-2307::IRC -20240::JP11  2237::N30 2906::NSV  5729::PMC 90-93   335::PPM 260512::RAFGL 1558::ROT  1843::SACS 272::SAO 180915::SKY# 23509::SRS  30471::SV* ZI   946::TD1 16365::UBV   11287::UBV M  18363::[L91b] 210::2MASS J12342324-2323483::PLX 2896.00::TYC 6683-1116-1::NAME Kraz
N14-Chi,* alf Vir,Spica,1,1.0,6.0,201.30,-11.16,Spica,HIP  65474,2140887,uvby98 100116658::WEB 11556::PLX 3063::SBC9 766::IRAS 13225-1054::AKARI-IRC-V1 J1325115-110940::* alf Vir::*  67 Vir::2E  3039::2RE J132508-111117::2RE J1325-111::BD-10  3672::CCDM J13252-1109A::CSI-10  3672  1::FK5  498::GC 18144::GCRV  7963::GEN# +1.00116658::GSC 05547-01518::HD 116658::HGAM    623::HIC  65474::HIP  65474::HR  5056::IDS 13200-1038 A::IRC -10286::JP11  2392::MCW  553::N30 3066::NAME Spica::PMC 90-93   354::PPM 227262::RAFGL 1622::RBS  1263::RE J132512-110856::RE J1325-110::ROT  1963::SACS 290::SAO 157923::SBC7   487::SKY# 24751::TD1 16831::TYC 5547-1518-1::UBV   12103::UBV M  19362::V* alf Vir::2MASS J13251158-1109404::ALS 14813::1ES 1322-10.8::1RXS J132511.6-110932::2E 1322.5-1053::EUVE J1325-11.1::RX J1325.2-1109::WDS J13252-1110A::PMSC 13199-1038Aabcd
N15-Swa,* alf Boo,Arcturus,1,-0.1,7.0,213.92,19.18,Arcturus,HIP  69673,2252964,WEB 12132::PLX 3242::LSPM J1415+1910::NLTT 36756::TYC 1472-1436-1::ASCC  870215::USNO-B1.0 1091-00221874::* alf Boo::*  16 Boo::AAVSO 1411+19::AG+19 1335::BD+19  2777::CSV 101433::Ci 20  843::FK5  526::GC 19242::GCRV  8341::GEN# +1.00124897::GJ   541::HD 124897::HIC  69673::HIP  69673::HR  5340::IRAS 14133+1925::IRC +20270::JP11  2486::LFT 1084::LHS    48::LTT 14184::N30 3229::NAME Arcturus::NSV  6603::PM 14134+1927::PM 14134-1927::PMC 90-93   376::PPM 130442::RAFGL 1693::ROT  2044::SAO 100944::SKY# 26028::SRS  30526::SV* ZI  1054::TD1 17351::UBV   12551::UBV M  20076::USNO 850::YPAC  52::[HFE83] 1018::uvby98 100124897::2MASS J14153968+1910558::PLX 3242.00::GAT 1341::** HDS 2003A::WDS J14157+1911A::CCDM J14157+1911A
N16-Vis,* alf02 Lib,Zubenelgenubi,1,2.8,4.0,222.72,-16.04,Zubenelgenubi,HIP  72622,2309208,NAME Zubenelgenubi ::WEB 12484::PLX 3351::* 9 Lib::* alf02 Lib::BD-15 3966::BDS 7018 A::CCDM J14508-1602A::FK5 548::GC 19975::GCRV 8623::GEN# +1.00130841::GJ 564.1::GJ 9499::GSC 06155-01210::HD 130841::HIC 72622::HIP 72622::HR 5531::IDS 14453-1537 A::IRAS 14481-1550::IRC -20271::JP11 2543::N30 3351::NSV 6827::PMC 90-93 389::PPM 229372::ROT 2118::SACS 320::SAO 158840::SKY# 26964::TYC 6155-1210-1::UBV 12928::UBV M 20396::uvby98 100130841::2MASS J14505274-1602302::PLX 3351.00::WDS J14509-1603A::Renson 37210::* alf Lib A
N17-Anu,* del Sco,Dschubba,1,2.3,5.0,240.08,-22.62,Dschubba,HIP  78401,2482381,WEB 13251::SBC9 1837::*   7 Sco::* del Sco::2E  3547::AAVSO 1554-22::BD-22  4068::CD-22 11292::CEL   4410::CPD-22  6106::FK5  594::GC 21489::GCRV  9202::GEN# +1.00143275::GSC 06779-02194::HD 143275::HGAM   2047::HIC  78401::HIP  78401::HR  5953::IRAS 15573-2228::IRC -20303::JP11  2695::MCW  556::N30 3589::PMC 90-93   424::PPM 264979::ROT  2261::SAO 184014::SKY# 28887::SRS  30594::TD1 18743::TYC 6779-2194-1::UBV M  21080::UBV   13563::USco 45::[B10]  4066::[SC96] Oph  24::uvby98 100143275::2MASS J16002000-2237180::ALS 14815::1RXS J160018.3-223707::2E 1557.3-2228::EUVE J1600-22.6::RX J160022.9-223724::WDS J16003-2237AB::V* del Sco::** LAB    3::PMSC 15544-2220Aabc::CCDM J16003-2237AB::NAME Dschubba
N17-Anu,* pi. Sco,Fang,0,2.9,4.0,239.71,-26.11,Dschubba,HIP  78265,2400278,NAME Fang::WEB 13235::Gaia DR2 6235406071206201600::V* pi. Sco::PLX 3611::SBC9 873::* pi. Sco::*   6 Sco::ADS  9862 A::CCDM J15589-2607A::CD-25 11228::CEL   4409::CPD-25  5705::CSI-25 11228 21::CSI-25 11228 23::CSV 102782::FK5  592::GC 21447::GCRV  9190::GEN# +1.00143018A::GSC 06783-02697::HD 143018::HGAM   2045::HIC  78265::HIP  78265::HR  5944::JP11  2691::MCW  555::N30 3584::NSV  7371::PMC 90-93   422::PPM 264940::ROT  3519::SACS 347::SAO 183987::SBC7   556::SKY# 28841::SRS  30592::TD1 18718::UBV   13549::UBV M  21062::VDB  99::[B10]  4062::[SC96] Oph  23::uvby98 100143018 A::2MASS J15585111-2606507::ALS 14814::TYC 6783-2697-1::WDS J15589-2607Aa;Ab::AKARI-IRC-V1 J1558507-260648::IRAS 15557-2558::IRAS F15557-2558::** SHT   60::** BU  622A::IDS 15528-2550 A
N17-Anu,* bet Sco,Acrab,0,2.5,4.0,241.36,-19.81,Dschubba,hhh,2529096,ADS  9913 ABC::CSI-19  4307  2::UBV   13616::CCDM J16054-1948ABC::IDS 15596-1932::IRC -20305::[SC96] Oph  27::IRAS 16025-1940::* bet Sco::PMSC 15596-1932::*   8 Sco::WDS J16054-1948AB;C::** H   37AB;C::NAME Acrab
N17-Anu,* ome Sco,xxx,0,4.0,3.0,241.70,-20.67,Dschubba,HIP  78933,2509131,WEB 13343::Gaia DR2 6244010505607465984::*   9 Sco::* ome01 Sco::* ome Sco::BD-20  4405::CEL   4413::GC 21639::GCRV  9260::GEN# +1.00144470::GSC 06212-01711::HD 144470::HGAM    650::HIC  78933::HIP  78933::HR  5993::IRAS 16038-2032::JP11  2708::MCW  558::PPM 265127::ROT  2278::SAO 184123::SKY# 29082::TD1 18860::TYC 6212-1711-1::UBV   13636::UBV M  21154::[B10]  4093::[SC96] Oph  29::uvby98 100144470::2MASS J16064842-2040088::ALS 14817
N18-Jye,* alf Sco,Antares,1,0.9,6.0,247.35,-26.43,Antares,HIP  80763,2401703,PLX 3741::* alf Sco::*  21 Sco::CD-26 11359::CMC  184415::CPD-26  5648::CSI-26 11359 21::Elia 2-74::FK5  616::GC 22157::GCRV  9479::GEN# +1.00148478::GEN# +1.00148479J::GSC 06803-02158::HIC  80763::HIP  80763::HR  6134::IRAS 16262-2619::IRC -30265::N30 3686::NAME Antares::PMC 90-93   439::PPM 265579::RAFGL 1863::ROT  2345::SAO 184415::SKY# 29714::SRS  30616::UBV M  21449::CCDM J16294-2626AB::WDS J16294-2626AB::ADS 10074 AB::CSI-26 11359 23::IDS 16233-2613 AB::TD1 19208::UBV   21661::** GNT    1AB::2MASS J16292443-2625549::Ced 132::DG 141::LBN  1108::LBN 351.88+15.11::GN 16.26.3::VDB 107
N19-Mul,* lam Sco,Shaula,1,1.6,5.0,263.40,-37.10,Shaula,HIP  85927,2347504,uvby98 100158926::WEB 14501::*  35 Sco::* lam Sco::CCDM J17336-3706A::CD-37 11673::CPC 18  8791::CPD-37  7265::CSI-37 11673 21::FK5  652::GC 23769::GCRV 10136::GEN# +1.00158926::GSC 07388-01093::HD 158926::HIC  85927::HIP  85927::HR  6527::IDS 17268-3702 A::IRAS 17302-3704::JP11  2862::N30 3905::NAME Shaula::PMC 90-93   462::PPM 296488::ROT  2459::SACS 383::SAO 208954::SKY# 31695::SRS  30652::TD1 20577::TYC 7388-1093-1::UBV M  22240::UBV   14937::V* lam Sco::[B10]  4439::[SC95] ZET 456::[SC96] Mis  521::[SC96] GC  99::2MASS J17333652-3706135::ALS 15082::1E 1730.2-3704::1RXS J173336.7-370604::EUVE J1733-37.1::WDS J17336-3706A::WDS J17336-3706Aa;Ab::** TNG    1::** SEE  334A::** DUN  218A::WD 1730-370
N19-Mul,* tet Sco,Sargas,0,1.9,5.0,264.33,-43.00,Shaula,HIP  86228,2319253,WEB 14543::PLX 3998::* tet Sco::CD-42 12312::CEL   4542::CPC  0 16458::CPD-42  7856::FK5  654::GC 23857::GCRV 10165::GEN# +1.00159532::GSC 07892-07679::HD 159532::HIC  86228::HIP  86228::HR  6553::IRAS 17337-4258::JP11  2866::N30 3918::NSV  9233::PPM 323186::ROT  2465::SAO 228201::SKY# 31826::TD1 20659::UBV   14975::UBV M  22276::[CS62] E7  88::[SC95] ZET 482::[SC96] Mis  563::uvby98 100159532::2MASS J17371913-4259522::PLX 3998.00::WDS J17373-4300AB::** SEE  510::NAME Sargas::CCDM J17373-4300AB
N20-PAsh,* eps Sgr,Kaus Australis,1,1.9,5.0,276.04,-34.38,Kaus Australis,HIP  90185,2371233,WEB 15421::PLX 4222::* eps Sgr::*  20 Sgr::2E  4062::CCDM J18242-3423A::CD-34 12784::CPC 17  9906::CSI-34 12784 21::FK5  689::GC 25100::GCRV 10865::GEN# +1.00169022::GSC 07401-03471::HD 169022::HIC  90185::HIP  90185::HR  6879::IDS 18175-3427 A::JP11  2965::N30 4084::NAME Kaus Australis::PMC 90-93   491::PPM 297655::SAO 210091::SKY# 33590::SRS  30689::TYC 7401-3471-1::UBV M  22887::UBV   15626::[SC95] M 591::[SC96] GC 585::[SC96] Mis 1335::uvby98 100169022::ALS 15808::PLX 4222.00::2E 1820.8-3424::EUVE J1824-34.3::IRAS 18208-3424::** GOL    2::WDS J18242-3423AC::** SEE  351A::1RXS J182410.8-342259::2MASS J18241032-3423046
N20-PAsh,* gam02 Sgr,Alnasl,0,3.0,4.0,271.45,-30.42,Kaus Australis,HIP  88635,2432279,WEB 15012::Gaia DR2 4049975081502371328::PLX 4131::* gam02 Sgr::*  10 Sgr::* gam Sgr::CD-30 15215::CPC 17  9681::CPD-30  5241::FK5  679::GC 24632::GCRV 10526::GEN# +1.00165135::GSC 07391-02710::HD 165135::HIC  88635::HIP  88635::HR  6746::IRAS 18025-3025::IRC -30353::JP11  2922::LTT  7181::N30 4013::NLTT 45887::NSV 10173::PMC 90-93   483::PPM 297231::RAFGL 6934S::SACS 395::SAO 209696::SKY# 32860::SRS  30679::TD1 21552::TYC 7391-2710-1::UBV   15364::UBV M  22594::2MASS J18054848-3025265::PLX 4131.00::NAME Alnasl
N20-PAsh,* del Sgr,Kaus Media,0,2.7,4.0,275.25,-29.83,Kaus Australis,HIP  89931,2473749,WEB 15356::Gaia DR2 4049506483413484672::PLX 4205::* del Sgr::*  19 Sgr::ADS 11264 A::CCDM J18210-2950A::CD-29 14834::CPD-29  5513::CSI-29 14834 21::FK5  687::GC 25024::GCRV 10810::GEN# +1.00168454::GJ  9626::GJ   710.1::GSC 06856-02170::HD 168454::HIC  89931::HIP  89931::HR  6859::IDS 18146-2952 A::IRAS 18177-2951::IRC -30376::JP11  2958::N30 4070::NSV 24403::PMC 90-93   490::PPM 268275::RAFGL 2126::SACS 400::SAO 186681::SKY# 33467::SRS  30687::TD1 22169::TYC 6856-2170-1::UBV   15597::UBV M  22841::YZ 119 11865::[L91b] 289::2MASS J18205962-2949412::PLX 4205.00::WDS J18210-2950A::** SEE  350A::UCAC4 301-222408::WISE J182059.56-294940.8::NAME Kaus Media::[M64] -29  48
N20-PAsh,* lam Sgr,Kaus Borealis,0,2.8,4.0,276.99,-25.42,Kaus Australis,HIP  90496,2501824,WEB 15500::Gaia DR2 4076915349748285952::PLX 4239::* lam Sgr::*  22 Sgr::CD-25 13149::CPD-25  6523::FK5  692::GC 25180::GCRV 10927::GEN# +1.00169916::GJ   713.1::GJ  9627::GSC 06861-03180::HD 169916::HIC  90496::HIP  90496::HR  6913::IRAS 18248-2527::IRC -30386::JP11  2976::N30 4095::PMC 90-93   493::PPM 268438::RAFGL 2163::SAO 186841::SKY# 33733::SRS  30692::TD1 22433::TYC 6861-3180-1::UBV M  22949::UBV   15677::YZ 115 12791::[SC95] M 633::[SC96] Mis 1384::2MASS J18275824-2525175::PLX 4239.00::** WFC  208A::WDS J18280-2525A::NAME Kaus Borealis
N21-UAsh,* sig Sgr,Nunki,1,2.1,5.0,283.82,-26.30,Nunki,HIP  92855,2503532,WEB 16074::* sig Sgr::*  34 Sgr::CCDM J18552-2618A::CD-26 13595::CPD-26  6590::FK5  706::GC 25941::GCRV 11359::GEN# +1.00175191::GSC 06868-01829::HD 175191::HIC  92855::HIP  92855::HR  7121::IDS 18491-2625 A::IRAS 18521-2621::IRC -30396::JP11  3036::N30 4193::NAME Nunki::PMC 90-93   501::PPM 269078::ROT  2679::SAO 187448::SKY# 34848::SRS  30706::TD1 23447::TYC 6868-1829-1::UBV   16048::UBV M  23293::[B10]  4784::uvby98 100175191 A::2MASS J18551592-2617481::ALS 15063::PLX 4365.01::WDS J18553-2618Aa;Ab
N21-UAsh,* phi Sgr,xxx,0,3.1,4.0,281.41,-26.99,Nunki,HIP  92041,2503301,WEB 15861::Gaia DR2 4072953671935145728::* phi Sgr::*  27 Sgr::CD-27 13170::CPD-27  6511::FK5 1487::GC 25661::GCRV 11190::GEN# +1.00173300::GSC 06867-02428::HD 173300::HIC  92041::HIP  92041::HR  7039::IRAS 18425-2702::JP11  3012::N30 4158::PMC 90-93  1055::PPM 268859::ROT  2647::SACS 411::SAO 187239::SKY# 34468::SRS  31487::TD1 23085::TYC 6867-2428-1::UBV   15933::UBV M  23182::YZ 117 12211::[B10]  4739::[SC95] M 736::[SC96] Mis 1495::uvby98 100173300::2MASS J18453939-2659268::ALS 15810
N21-UAsh,* zet Sgr,Ascella,0,2.6,4.0,285.65,-29.88,Nunki,HIP  93506,2477592,WEB 16231::PLX 4415::*  38 Sgr::* zet Sgr::ADS 11950 AB::CCDM J19026-2953AB::CD-30 16575::CPC 17 10347::CPD-30  5798::GC 26161::GCRV 11482::GEN# +1.00176687J::GSC 06885-02837::HD 176687::HIC  93506::HIP  93506::HR  7194::IDS 18562-3001 AB::IRAS 18594-2957::IRC -30399::JP11  3063::N30 4220::PPM 269230::ROT  2706::SAO 187600::SKY# 35179::SRS  44082::TD1 23703::TYC 6885-2837-1::UBV   16147::UBV M  23406::2MASS J19023670-2952484::WDS J19026-2953AB::** HDO  150::** H  578AB::NAME Ascella::uvby98 100176687
N21-UAsh,* tau Sgr,xxx,0,3.3,4.0,286.74,-27.67,Nunki,HIP  93864,2477543,WEB 16322::Gaia DR2 6762701233353832064::PLX 4435::* tau Sgr::*  40 Sgr::CCABS 130::CD-27 13564::CPD-27  6617::FK5 1496::GC 26291::GCRV 11558::GEN# +1.00177716::HD 177716::HIC  93864::HIP  93864::HR  7234::IRC -30401::JP11  3070::LTT  7571::N30 4232::NLTT 47402::PMC 90-93  1061::PPM 269319::SACS 422::SAO 187683::SKY# 35366::SRS  31496::TD1 23864::UBV   16190::UBV M  23477::YZ 117 12478::2MASS J19065640-2740133::PLX 4435.00::TYC 6881-1777-1::GJ  9643::IRAS 19038-2744::RAFGL 2323
N22-Shr,* alf Aql,Altair,1,0.8,6.0,297.70,8.87,Altair,HIP  97649,2708379,WEB 17173::PLX 4665::LSPM J1950+0852::ASCC 1075038::USNO-B1.0 0988-00511792::* alf Aql::*  53 Aql::2E  4294::8pc 194.44::ADS 13009 A::AG+08 2636::BD+08  4236::CCDM J19508+0852A::CSI+08  4236  1::Ci 20 1169::FK5  745::GAT  549::GC 27470::GCRV 12193::GEN# +1.00187642::GJ   768::HD 187642::HIC  97649::HIP  97649::HR  7557::IDS 19459+0836 A::IRAS 19483+0844::IRC +10441::JP11  3142::LFT 1499::LHS  3490::LTT 15795::N30 4388::NAME Altair::NLTT 48314::NSV 24910::PM 19484+0844::PMC 90-93   530::PPM 168779::RAFGL 2463::ROT  2857::SAO 125122::SKY# 37134::TD1 25537::UBV M  24205::UBV   16885::USNO 891::Zkh 297::uvby98 100187642::2MASS J19504698+0852060::PLX 4665.00::1ES 1948+08.7::2E 1948.3+0844::1RXS J195047.0+085159::WDS J19508+0852A::TYC 1058-3399-1::GSC 01058-03399::V* alf Aql::AKARI-FIS-V1 J1950472+085209::2XMMi J195047.1+085208
N22-Shr,* gam Aql,Tarazed,0,2.7,4.0,296.56,10.61,Altair,HIP  97278,2724021,WEB 17087::Gaia DR2 4302054339950301696::PLX 4645::* gam Aql::*  50 Aql::AG+10 2518::BD+10  4043::CCDM J19462+1037A::CSI+10  4043  1::FK5  741::GC 27354::GCRV 12137::GEN# +1.00186791::GSC 01061-02577::HD 186791::HIC  97278::HIP  97278::HR  7525::IDS 19415+1022 A::IRAS 19438+1029::IRC +10439::JP11  3130::N30 4372::NSV 24880::PMC 90-93   527::PPM 136931::RAFGL 2453::ROT  2845::SAO 105223::SKY# 36958::SRS  30741::TD1 25398::TYC 1061-2577-1::UBV M  24125::UBV   16822::YZ  10  7453::uvby98 100186791::2MASS J19461557+1036475::WDS J19463+1037D::NAME Tarazed
N22-Shr,* bet Aql,Alshain,0,3.7,3.0,298.83,6.41,Altair,HIP  98036,2692199,WEB 17267::Gaia DR2 4296708789289486080::PLX 4705::LSPM J1955+0624::TYC  493-3355-1::ASCC 1075789::USNO-B1.0 0964-00506982::*  60 Aql::* bet Aql::ADS 13110 A::AG+06 2617::BD+06  4357::CCDM J19553+0625A::CSI+06  4357  1::CSV 101909::Ci 20 1173::EIC   799::FK5  749::GC 27587::GCRV 12266::GEN# +1.00188512J::GJ   771 A::HD 188512::HIC  98036::HIP  98036::HR  7602::IDS 19504+0609 A::IRAS 19528+0616::IRC +10444::JP11  3155::LTT 15822::N30 4405::NAME Alshain::NLTT 48429::NSV 12557::PMC 90-93   532::PPM 168947::RAFGL 5442S::ROT  2879::SAO 125235::SKY# 37325::SPOCS  864::TD1 25691::UBV M  24287::UBV   16978::YZ   6  9667::[B10]  5093::[HFE83] 1326::2MASS J19551878+0624238::1RXS J195518.8+062440::WDS J19553+0624A::uvby98 100188512::** STT  532A
N23-Dha,* alf Del,Sualocin,1,3.8,3.0,309.91,15.91,Sualocin,HIP 101958,2775644,WEB 18427::Gaia DR2 1810711143450256128::PLX 4923::* alf Del::*   9 Del::AG+15 2267::BD+15  4222::CSI+15  4222  1::FK5  774::GC 28780::GCRV 12943::GEN# +1.00196867::GSC 01633-02442::HD 196867::HGAM    941::HIC 101958::HIP 101958::HR  7906::JP11  3262::N30 4569::PMC 90-93   545::PPM 138790::ROT  3015::SAO 106357::SKY# 39141::SRS  30774::TD1 27089::NAME Sualocin::TYC 1633-2442-1::UBV   17924::UBV M  25064::YZ  15  8312::ALS 15096::WDS J20396+1555Aa;Ab::** WCK    2::ADS 14121 AG::CCDM J20396+1555AG::IDS 20350+1534 AG::WDS J20396+1555A::** BU  298A::** HJ 1554A::AKARI-IRC-V1 J2039383+155443::IRAS 20373+1544::WISE J203938.34+155443.5::IRAS F20373+1544::2MASS J20393829+1554433::NAME Svalocin
N23-Dha,* eps Del,Aldulfin,0,4.0,3.0,308.30,11.30,Sualocin,HIP 101421,2741174,NAME Aldulfin::WEB 18323::Gaia DR2 1755320049742345472::NSV 13137::SV* SVS    10::PLX 4888::* eps Del::*   2 Del::AG+11 2513::BD+10  4321::CEL   5102::FK5  768::GC 28593::GCRV 12848::GEN# +1.00195810::GSC 01096-01684::HD 195810::HGAM    931::HIC 101421::HIP 101421::HR  7852::IRAS 20308+1107::JP11  3251::N30 4539::PMC 90-93   542::PPM 138578::ROT  2995::SAO 106230::SKY# 38903::SRS  30768::TD1 26903::TYC 1096-1684-1::UBV   17820::UBV M  24944::YZ  11  7990::uvby98 100195810::2MASS J20331277+1118118::ALS 16377::PLX 4888.00
N23-Dha,* bet Del,Rotanev,0,3.6,3.0,309.39,14.60,Sualocin,HIP 101769,2757402,WEB 18382::PLX 4906::SBC9 1248::WDS J20375+1436AB::*   6 Del::* bet Del::2E  4395::ADS 14073 AB::BD+14  4369::CCDM J20375+1436AB::CSI+14  4369  1::GC 28709::GCRV 12902::GEN# +1.00196524J::GSC 01100-01720::HD 196524::HIC 101769::HIP 101769::HR  7882::IDS 20328+1415::IRC +10473::JP11  3257::N30 4554::ROT  3004::SAO 106316::SBC7   821::SKY# 39052::TD1 27036::TYC 1100-1720-1::UBV M  25011::UBV   17888::YZ  14  8041::2MASS J20373291+1435421::PLX 4906.00::1RXS J203732.7+143537::2E 2035.2+1425::** BU  151::AKARI-IRC-V1 J2037329+143542::IRAS 20352+1425::** LBZ    1AB::** STF 2704AB::** HJ 5545AB::CSI+14  4369  6::Renson 54790::CSI+14  4369  5::NAME Rotanev::uvby98 100196524
N23-Dha,* del Del,xxx,0,4.4,3.0,310.86,15.07,Sualocin,HIP 102281,2757464,uvby98 100197461::WEB 18517::Gaia DR2 1762513222314906752::PLX 4938::* del Del::*  11 Del::AG+14 2276::BD+14  4403::FK5  778::GC 28873::GCRV 12987::GEN# +1.00197461::GSC 01634-03055::HD 197461::HIC 102281::HIP 102281::HR  7928::IRAS 20411+1453::JP11  3268::N30 4583::PMC 90-93   547::PPM 138900::ROT  3023::SAO 106425::SKY# 39285::SRS  30778::TD1 27177::TYC 1634-3055-1::UBV   17962::UBV M  25113::V* del Del::YZ  14  8104::2MASS J20432754+1504284::PLX 4938.00::Renson 55050
N23-Dha,* gam Del,xxx,0,3.9,3.0,311.66,16.12,Sualocin,hhh,2775725,* gam Del::ADS 14279 AB::ADS 14279::CSI+15  4255  3::GEN# +1.00197964J::UBV   17992::WDS J20467+1607AB::** STF 2727::** STF 2727AB
N24-Sha,* gam Aqr,Sadachbia,1,3.8,3.0,335.41,-1.39,Sadachbia,HIP 110395,1363564,WEB 19798::Gaia DR2 2677558895240612992::PLX 5407::* gam Aqr::*  48 Aqr::ADS 15864 A::AG-01 2732::BD-02  5741::CCDM J22217-0123A::CSI-02  5741  1::FK5  842::GC 31257::GCRV 14062::GEN# +1.00212061::GSC 05226-01606::HD 212061::HGAM   1061::HIC 110395::HIP 110395::HR  8518::IDS 22165-0153 A::JP11  3475::N30 4927::PMC 90-93   590::PPM 181446::ROT  3254::SAO 146044::SKY# 42583::TD1 29003::TYC 5226-1606-1::UBV   19127::UBV M  26339::YZ  91  7780::uvby98 100212061::2MASS J22213936-0123145::ALS 16209::PLX 5407.00::WDS J22217-0123A::GJ  9779::1RXS J222140.1-012310::NAME Sadachbia::IRAS 22190-0138::AKARI-IRC-V1 J2221394-012314
N24-Sha,* kap Aqr,Situla,0,5.0,2.0,339.44,-4.23,Sadachbia,HIP 111710,1352658,WEB 19962::Gaia DR2 2624940628127167616::PLX 5471::* kap Aqr::*  63 Aqr::BD-04  5716::BDS 11848 A::CCDM J22377-0414A::CSI-04  5716  1::FK5 1595::GC 31581::GCRV 14213::GEN# +1.00214376J::GSC 05236-01610::HD 214376::HIC 111710::HIP 111710::HR  8610::IDS 22326-0445 A::IRC +00521::N30 4980::PMC 90-93  1132::PPM 206585::ROT  3295::SAO 146210::SKY# 43033::TYC 5236-1610-1::UBV   19348::UBV M  26508::YZ  94  7851::2MASS J22374537-0413409::PLX 5471.00::WDS J22378-0414A::NAME Situla::** HJ 5529A::** TOK  640A
N24-Sha,* lam Aqr,xxx,0,3.8,3.0,343.15,-7.58,Sadachbia,HIP 112961,1342990,WEB 20114::Gaia DR2 2610370969482732672::PLX 5540::* lam Aqr::*  73 Aqr::AAVSO 2247-08::BD-08  5968::FK5  864::GC 31903::GCRV 14363::GEN# +1.00216386::GSC 05813-01406::HD 216386::HIC 112961::HIP 112961::HR  8698::IRC -10588::JP11  3543::N30 5034::PMC 90-93   609::PPM 206868::RAFGL 2977::SACS 497::SAO 146362::SKY# 43459::SV* P  2372::TD1 29419::TYC 5813-1406-1::UBV   19596::UBV M  26678::V* lam Aqr::YZ  97  8146::[DS98] 331::2MASS J22523684-0734473::PLX 5540.00
N25-PBha,* alf Peg,Markab,1,2.5,5.0,346.19,15.21,Markab,HIP 113963,1447433,WEB 20238::PLX 5587::* alf Peg::*  54 Peg::AAVSO 2259+14B::AG+14 2576::BD+14  4926::FK5  871::GC 32149::GCRV 14477::GEN# +1.00218045::HD 218045::HGAM   1114::HIC 113963::HIP 113963::HR  8781::IRAS 23022+1456::IRC +10526::JP11  3581::N30 5074::NAME Markab::PMC 90-93   614::PPM 142158::ROT  3360::SAO 108378::SKY# 43805::SRS  30871::TD1 29586::UBV   19775::UBV M  26811::uvby98 100218045::2MASS J23044565+1512191::ALS 16176::PLX 5587.00::TYC 1711-2475-1
N25-PBha,* bet Peg,Scheat,0,2.4,5.0,345.94,28.08,Markab,HIP 113881,1500441,WEB 20229::PLX 5583::* bet Peg::LSPM J2303+2804::TYC 2243-1831-1::ASCC  736306::USNO-B1.0 1180-00701793::*  53 Peg::ADS 16483 A::AG+27 2710::BD+27  4480::CCDM J23038+2804A::CSI+27  4480  1::FK5  870::GC 32135::GCRV 14468::GEN# +1.00217906::HD 217906::HIC 113881::HIP 113881::HR  8775::IDS 22589+2732 A::IRAS 23013+2748::IRC +30504::JP11  3574::LTT 16769::N30 5071::NAME Scheat::NLTT 55708::PMC 90-93   613::PPM 115095::RAFGL 3017::SAO  90981::SKY# 43781::SRS  30870::TD1 29573::UBV   21419::UBV M  26800::V* bet Peg::YZ  27 13858::[DS98] 333::2MASS J23034644+2804580::PLX 5583.00::CTI 230310.5+280045::WDS J23038+2805A
N26-UBha,* alf And,Alpheratz,1,2.1,5.0,2.10,29.09,Alpheratz,HIP    677,1502055,uvby98 100000358::WEB   113::2MASS J00082326+2905253::LSPM J0008+2905::ASCC  647497::USNO-B1.0 1190-00002295::PLX   12::SBC9 4::* alf And::* del Peg::*  21 And::ADS    94 A::AG+28   11::BD+28     4::CCDM J00083+2905A::CSI+28     4  1::EUVE J0008+29.0::FK5    1::GC   127::GCRV    62::GEN# +1.00000358::HD    358::HGAM      2::HIC    677::HIP    677::HR    15::IDS 00032+2832 A::IRC +30004::JP11   345::LTT 10039::N30   16::NAME Alpheratz::NAME Sirrah::NLTT   346::PMC 90-93     1::PPM  89441::ROT    58::SAO  73765::SBC7     4::SKY#   244::SRS  30001::TD1    31::UBV M   7157::UBV      52::V* alf And::YPAC   1::[HFE83]    4::ALS 16723::WDS J00084+2905Aa;Ab::TYC 1735-3180-1::GSC 01735-03180::UCAC3 239-808::Renson 50::AKARI-IRC-V1 J0008233+290524::IRAS 00057+2848::** MKT   11::WDS J00084+2905A::** H  532A::** JNN    1A
N26-UBha,* gam Peg,Algenib,0,2.8,4.0,3.31,15.18,Alpheratz,HIP   1067,1450034,uvby98 100000886::WEB   185::Gaia DR2 2769202948897808640::2MASS J00131414+1511008::FK5    7::PLX   33::*  88 Peg::* gam Peg::AAVSO 0008+14::AG+14   11::BD+14    14::CCDM J00132+1511A::CSI+14    14  1::CSV 100009::GC   238::GCRV   105::GEN# +1.00000886::GSC 01179-01775::HD    886::HGAM      5::HIC   1067::HIP   1067::HR    39::IDS 00080+1438 A::IRAS 00106+1454::JP11   353::N30   32::NAME Algenib::PHL   734::PMC 90-93     6::PPM 116243::ROT    69::SAO  91781::SKY#   390::SRS  30007::TD1    78::TYC 1179-1775-1::UBV     128::V* gam Peg::ALS 15090::PLX   33.00::WDS J00132+1511A
N27-Rev,* alf Psc,Alrescha,1,3.8,3.0,30.51,2.76,Alrescha,HIP   9487,1407663,WDS J02020+0246AB::* alf Psc::AAVSO 0156+02::ADS  1615 AB::BD+02   317::CCDM J02020+0246AB::CSI+02   317  3::GEN# +1.00012447J::HD  12446J::HIC   9487::HIP   9487::IDS 01569+0217 AB::JP11   577::NSV   705::TD1  1179::UBV    2056::UBV M   8620::V* alf Psc::IDS 02020+0246::** STF  202::PMSC 01569+0217::AKARI-IRC-V1 J0202028+024549::IRAS 01594+0231::WISE J020202.81+024549.5::IRAS F01594+0231::2MASS J02020277+0245495::NAME Alrescha::uvby98 100012447
N28-Abh,* alf Lyr,Vega,1,0.0,7.0,279.23,38.78,Vega,HIP  91262,2900336,uvby98 100172167::WEB 15681::PLX 4293::LSPM J1836+3847::ASCC  507896::2MASS J18365633+3847012::USNO-B1.0 1287-00305764::* alf Lyr::*   3 Lyr::8pc 128.93::ADS 11510 A::AG+38 1711::BD+38  3238::CCDM J18369+3847A::CEL   4636::CSI+38  3238  1::CSV 101745::FK5  699::GC 25466::GCRV 11085::GEN# +1.00172167::GJ   721::HD 172167::HGAM    706::HIC  91262::HIP  91262::HR  7001::IDS 18336+3841 A::IRAS 18352+3844::IRC +40322::JP11  2999::LTT 15486::N30 4138::NAME Vega::NLTT 46746::NSV 11128::PMC 90-93   496::PPM  81558::RAFGL 2208::ROT  2633::SAO  67174::SKY# 34103::TD1 22883::UBV   15842::UBV M  23118::USNO 882::V* alf Lyr::Zkh 277::[HFE83] 1223::PLX 4293.00::1E 183515+3844.3::EUVE J1836+38.7::WDS J18369+3846A::TYC 3105-2070-1::GJ   721.0::GAT 1285::JCMTSF J183656.4+384709::JCMTSE J183656.4+384709::IRAS F18352+3844::AKARI-IRC-V1 J1836564+384703::WISE J183656.49+384703.9::EQ 183456.7+384615.4
N28-Abh,* eps01 Lyr,xxx,0,4.7,2.0,281.08,39.67,Vega,HIP  91919,2923752,ADS 11635 AB::AG+39 1834::BD+39  3509::CCDM J18443+3938AB::CSI+39  3509  3::GEN# +1.00173582J::HD 173582J::HIC  91919::HIP  91919::IDS 18410+3934 AB::PPM  81725::UBV   15949::IDS 18410+3934::* eps01 Lyr::** STF 2382AB::WDS J18443+3940AB::AKARI-IRC-V1 J1844203+394013::IRAS 18426+3937::2MASS J18442032+3940134::WISE J184420.31+394013.8::1RXS J184420.5+394012::** STF 4037AB
N28-Abh,* zet01 Lyr,xxx,0,4.4,3.0,281.19,37.61,Vega,HIP  91971,2900021,WEB 15841::PLX 4327::SBC9 1079::*   6 Lyr::* zet01 Lyr::AG+37 1687::BD+37  3222::CCDM J18448+3736A::CEL   4648::CSI+37  3222  1::CSV 101763::GC 25676::GCRV 11203::GEN# +1.00173648::GSC 03118-02080::HD 173648::HIC  91971::HIP  91971::HR  7056::IDS 18413+3730 A::IRAS 18430+3733::JP11  3014::PPM  81740::ROT  2658::SAO  67321::SBC7   701::2E 1843.0+3733::2E  4127::1RXS J184446.1+373620::2MASS J18444635+3736182::Gaia DR2 2096875399811529472::SKY# 34429::TD1 23146::TYC 3118-2080-1::UBV   15954::UBV M  23202::uvby98 100173648::WDS J18448+3736A::ADS 11639 A::Renson 48650::PMSC 18413+3730A::PMSC 18413+3730Aab
