year	event	date	sun_lon	obj_lon	sun_lon_dms	obj_lon_dms	obj_rise_set	sun_rise_set	delta_rise_set	age	mag	sun_alt	obj_lat	az_diff	lon_diff	sun_sz	obj_az
-1299	evening_last_visibility	-1299-06-24	79.78	91.32	79° 47'	91° 19'	19:45	19:17	0:27h	-7d 21h	-3.4	-6° 04'	-3° 53'	-9° 23'	11° 31'	121° 34'	112° 11'
-1299	morning_first_visibility	-1299-07-11	95.50	81.90	95° 30'	81° 54'	4:49	5:15	-0:26h	8d 12h	-3.5	-5° 51'	-6° 39'	13° 07'	-13° 36'	238° 14'	251° 21'
-1298	evening_first_visibility	-1298-05-23	49.03	56.95	49° 02'	56° 57'	19:25	18:59	0:26h	28d 08h	-3.4	-6° 02'	0° 30'	-1° 58'	7° 55'	114° 33'	112° 35'
-1298	morning_last_visibility	-1298-03-03	330.77	316.80	330° 46'	316° 48'	6:37	7:02	-0:25h	-53d 04h	-3.3	-6° 11'	-1° 23'	11° 38'	-13° 58'	279° 36'	291° 14'
-1297	evening_last_visibility	-1297-02-06	306.38	312.38	306° 23'	312° 23'	18:25	17:59	0:26h	-4d 03h	-3.4	-6° 09'	8° 18'	6° 28'	6° 00'	71° 35'	78° 03'
-1297	morning_first_visibility	-1297-02-12	311.85	308.90	311° 51'	308° 54'	6:52	7:19	-0:27h	1d 10h	-3.2	-6° 28'	8° 31'	-3° 49'	-2° 57'	286° 32'	282° 43'
-1297	morning_last_visibility	-1297-10-25	200.20	192.40	200° 12'	192° 24'	6:03	6:27	-0:24h	-32d 23h	-3.4	-6° 09'	1° 02'	-0° 05'	-7° 48'	275° 44'	275° 40'
-1296	evening_first_visibility	-1296-01-06	275.07	284.75	275° 04'	284° 45'	18:04	17:36	0:27h	40d 13h	-3.4	-6° 12'	-1° 22'	-5° 43'	9° 41'	66° 07'	60° 23'
-1296	evening_last_visibility	-1296-08-28	143.20	164.83	143° 12'	164° 50'	19:23	19:01	0:21h	-15d 03h	-4	-5° 13'	-8° 02'	-21° 59'	21° 38'	109° 29'	87° 30'
-1296	morning_first_visibility	-1296-09-18	163.55	154.52	163° 33'	154° 31'	5:37	6:02	-0:24h	5d 07h	-3.5	-6° 03'	-7° 42'	8° 55'	-9° 02'	258° 48'	267° 44'
-1295	evening_first_visibility	-1295-08-05	120.37	130.17	120° 22'	130° 10'	19:44	19:18	0:26h	35d 09h	-3.4	-6° 00'	1° 25'	-6° 16'	9° 48'	117° 46'	111° 29'
-1295	morning_last_visibility	-1295-05-11	37.32	23.35	37° 19'	23° 21'	5:11	5:37	-0:25h	-51d 06h	-3.3	-6° 02'	-1° 01'	11° 40'	-13° 59'	249° 47'	261° 27'
-1294	evening_last_visibility	-1294-04-16	13.80	20.77	13° 48'	20° 46'	19:03	18:39	0:23h	-4d 20h	-3.2	-5° 51'	4° 55'	3° 57'	6° 58'	99° 51'	103° 48'
-1294	morning_first_visibility	-1294-04-27	23.77	14.38	23° 46'	14° 23'	5:28	5:53	-0:24h	5d 15h	-3.2	-6° 03'	2° 48'	5° 53'	-9° 23'	255° 30'	261° 23'
-1293	evening_first_visibility	-1293-03-14	341.77	349.77	341° 46'	349° 46'	18:47	18:23	0:24h	30d 20h	-3.4	-6° 06'	-1° 02'	-1° 58'	8° 01'	85° 07'	83° 09'
-1293	evening_last_visibility	-1293-11-19	226.25	238.23	226° 15'	238° 14'	18:00	17:36	0:24h	-7d 21h	-3.6	-5° 54'	-0° 53'	-9° 17'	11° 59'	73° 47'	64° 30'
-1293	morning_first_visibility	-1293-12-02	239.03	230.93	239° 02'	230° 56'	6:31	7:00	-0:29h	4d 15h	-3.3	-6° 45'	2° 16'	0° 09'	-8° 07'	289° 33'	289° 43'
-1293	morning_last_visibility	-1293-01-03	271.85	262.23	271° 51'	262° 14'	6:56	7:24	-0:28h	-39d 16h	-3.4	-6° 16'	-0° 32'	5° 23'	-9° 37'	293° 57'	299° 21'
-1292	evening_first_visibility	-1292-10-29	205.60	218.32	205° 36'	218° 19'	18:17	17:53	0:24h	51d 02h	-3.4	-6° 06'	-0° 13'	-10° 01'	12° 43'	81° 53'	71° 52'
-1292	morning_last_visibility	-1292-08-09	123.93	115.97	123° 56'	115° 58'	5:06	5:33	-0:27h	-30d 11h	-3.4	-6° 07'	1° 12'	1° 44'	-7° 58'	243° 10'	244° 54'
-1291	evening_last_visibility	-1291-06-22	77.93	88.93	77° 56'	88° 56'	19:43	19:16	0:26h	-7d 13h	-3.4	-5° 54'	-3° 40'	-8° 48'	11° 01'	121° 14'	112° 26'
-1291	morning_first_visibility	-1291-07-09	93.63	79.53	93° 38'	79° 32'	4:46	5:15	-0:28h	8d 20h	-3.5	-6° 08'	-6° 29'	13° 23'	-14° 06'	237° 57'	251° 20'
-1290	evening_first_visibility	-1290-05-21	47.20	55.17	47° 12'	55° 10'	19:24	18:58	0:26h	28d 15h	-3.4	-6° 06'	0° 28'	-1° 56'	7° 59'	113° 58'	112° 02'
-1290	morning_last_visibility	-1290-03-01	328.87	315.00	328° 52'	315° 00'	6:39	7:04	-0:25h	-52d 22h	-3.3	-6° 13'	-1° 22'	11° 30'	-13° 52'	280° 22'	291° 52'
-1289	evening_last_visibility	-1289-02-04	304.45	309.90	304° 27'	309° 54'	18:21	17:57	0:23h	-3d 18h	-3.3	-5° 41'	8° 15'	6° 28'	5° 26'	70° 46'	77° 14'
-1289	morning_first_visibility	-1289-02-10	309.93	306.42	309° 56'	306° 25'	6:51	7:20	-0:29h	1d 19h	-3.3	-6° 49'	8° 30'	-3° 30'	-3° 31'	286° 57'	283° 27'
-1289	morning_last_visibility	-1289-10-23	198.22	190.57	198° 13'	190° 34'	6:02	6:26	-0:23h	-32d 08h	-3.4	-6° 01'	1° 04'	-0° 09'	-7° 40'	274° 56'	274° 47'
-1288	evening_first_visibility	-1288-01-04	273.12	282.93	273° 07'	282° 56'	18:03	17:35	0:27h	41d 04h	-3.4	-6° 15'	-1° 21'	-5° 54'	9° 49'	66° 04'	60° 10'
-1288	evening_last_visibility	-1288-08-25	140.30	162.57	140° 18'	162° 34'	19:28	19:04	0:24h	-15d 16h	-4	-5° 49'	-7° 56'	-22° 24'	22° 17'	111° 01'	88° 37'
-1288	morning_first_visibility	-1288-09-16	161.60	151.88	161° 36'	151° 53'	5:33	6:00	-0:27h	5d 18h	-3.5	-6° 38'	-7° 48'	9° 11'	-9° 43'	257° 33'	266° 44'
-1287	evening_first_visibility	-1287-08-03	118.47	128.35	118° 28'	128° 21'	19:46	19:19	0:27h	35d 15h	-3.4	-6° 07'	1° 26'	-6° 16'	9° 53'	118° 20'	112° 04'
-1287	morning_last_visibility	-1287-05-08	34.53	20.35	34° 32'	20° 21'	5:15	5:40	-0:25h	-52d 00h	-3.3	-6° 02'	-1° 04'	11° 55'	-14° 11'	250° 54'	262° 49'
-1286	evening_last_visibility	-1286-04-14	11.95	18.45	11° 57'	18° 27'	19:00	18:38	0:21h	-4d 13h	-3.2	-5° 24'	5° 08'	4° 15'	6° 31'	98° 43'	102° 58'
-1286	morning_first_visibility	-1286-04-24	20.97	12.65	20° 58'	12° 39'	5:33	5:56	-0:23h	4d 22h	-3.1	-5° 47'	3° 16'	4° 47'	-8° 19'	256° 55'	261° 42'
-1285	evening_first_visibility	-1285-03-12	339.88	347.98	339° 53'	347° 59'	18:47	18:22	0:25h	31d 07h	-3.4	-6° 11'	-1° 04'	-2° 02'	8° 06'	84° 19'	82° 17'
-1285	evening_last_visibility	-1285-11-16	223.25	236.00	223° 15'	236° 00'	18:02	17:38	0:24h	-8d 09h	-3.6	-5° 55'	-1° 24'	-10° 19'	12° 45'	74° 50'	64° 31'
-1285	morning_first_visibility	-1285-11-29	236.03	228.73	236° 02'	228° 44'	6:33	6:58	-0:24h	4d 03h	-3.2	-5° 51'	1° 46'	0° 19'	-7° 19'	289° 17'	289° 35'
-1285	morning_last_visibility	-1285-01-01	269.88	260.42	269° 53'	260° 25'	6:55	7:23	-0:27h	-39d 05h	-3.4	-6° 15'	-0° 30'	5° 10'	-9° 28'	293° 59'	299° 09'
-1284	evening_first_visibility	-1284-10-26	202.60	215.22	202° 36'	215° 13'	18:20	17:55	0:24h	50d 11h	-3.4	-6° 01'	-0° 08'	-9° 58'	12° 37'	83° 08'	73° 10'
-1284	morning_last_visibility	-1284-08-07	122.05	114.17	122° 03'	114° 10'	5:05	5:31	-0:26h	-30d 02h	-3.4	-6° 01'	1° 10'	1° 50'	-7° 53'	242° 42'	244° 32'
-1283	evening_last_visibility	-1283-06-20	76.08	86.58	76° 05'	86° 35'	19:41	19:15	0:25h	-7d 04h	-3.3	-5° 43'	-3° 27'	-8° 14'	10° 30'	120° 52'	112° 39'
-1283	morning_first_visibility	-1283-07-07	91.77	77.18	91° 46'	77° 11'	4:44	5:14	-0:30h	9d 05h	-3.5	-6° 25'	-6° 18'	13° 39'	-14° 35'	237° 42'	251° 21'
-1282	evening_first_visibility	-1282-05-19	45.35	53.40	45° 21'	53° 24'	19:23	18:57	0:26h	28d 21h	-3.4	-6° 10'	0° 25'	-1° 54'	8° 02'	113° 21'	111° 28'
-1282	morning_last_visibility	-1282-02-28	327.95	314.43	327° 57'	314° 26'	6:40	7:05	-0:24h	-51d 16h	-3.3	-6° 01'	-1° 22'	11° 12'	-13° 31'	280° 51'	292° 03'
-1280	evening_first_visibility	-1280-01-01	270.13	279.85	270° 08'	279° 51'	18:00	17:34	0:26h	40d 19h	-3.4	-6° 02'	-1° 20'	-6° 01'	9° 43'	65° 54'	59° 53'
-1281	evening_last_visibility	-1281-02-02	302.52	307.38	302° 31'	307° 23'	18:18	17:56	0:21h	-3d 09h	-3.3	-5° 14'	8° 12'	6° 28'	4° 51'	69° 58'	76° 27'
-1281	morning_first_visibility	-1281-02-07	307.02	304.52	307° 01'	304° 31'	6:57	7:22	-0:25h	1d 03h	-3.2	-6° 01'	8° 28'	-4° 17'	-2° 30'	288° 18'	284° 01'
-1281	morning_last_visibility	-1281-10-20	195.23	187.45	195° 14'	187° 27'	5:59	6:23	-0:24h	-32d 17h	-3.4	-6° 07'	1° 07'	-0° 14'	-7° 46'	273° 31'	273° 18'
-1280	evening_first_visibility	-1280-01-01	270.13	279.85	270° 08'	279° 51'	18:00	17:34	0:26h	40d 19h	-3.4	-6° 02'	-1° 20'	-6° 01'	9° 43'	65° 54'	59° 53'
-1280	evening_last_visibility	-1280-08-23	138.38	160.08	138° 23'	160° 05'	19:29	19:06	0:23h	-15d 05h	-4	-5° 36'	-7° 56'	-21° 54'	21° 43'	111° 37'	89° 42'
-1280	morning_first_visibility	-1280-09-14	159.65	149.25	159° 39'	149° 15'	5:29	5:59	-0:30h	6d 05h	-3.5	-7° 13'	-7° 53'	9° 28'	-10° 25'	256° 18'	265° 46'
-1279	evening_first_visibility	-1279-07-31	115.60	125.30	115° 36'	125° 18'	19:47	19:20	0:27h	34d 20h	-3.4	-6° 04'	1° 26'	-6° 00'	9° 41'	119° 00'	113° 00'
-1279	morning_last_visibility	-1279-05-05	31.73	17.35	31° 44'	17° 21'	5:18	5:43	-0:25h	-52d 18h	-3.3	-6° 02'	-1° 08'	12° 09'	-14° 23'	252° 04'	264° 13'
-1278	evening_last_visibility	-1278-04-11	9.13	16.73	9° 08'	16° 44'	19:03	18:37	0:26h	-5d 05h	-3.2	-6° 31'	5° 29'	4° 29'	7° 36'	98° 05'	102° 34'
-1278	morning_first_visibility	-1278-04-22	19.12	10.33	19° 07'	10° 20'	5:34	5:59	-0:25h	5d 05h	-3.2	-6° 13'	3° 29'	5° 03'	-8° 47'	257° 29'	262° 32'
-1278	morning_last_visibility	-1278-12-30	267.92	258.57	267° 55'	258° 34'	6:54	7:22	-0:27h	-38d 18h	-3.4	-6° 13'	-0° 27'	4° 57'	-9° 20'	293° 58'	298° 55'
-1277	evening_first_visibility	-1277-03-10	338.00	346.18	338° 00'	346° 11'	18:46	18:21	0:25h	31d 18h	-3.4	-6° 15'	-1° 06'	-2° 06'	8° 11'	83° 32'	81° 25'
-1277	evening_last_visibility	-1277-11-13	220.23	233.73	220° 14'	233° 44'	18:04	17:40	0:24h	-8d 22h	-3.7	-5° 54'	-1° 54'	-11° 19'	13° 30'	75° 54'	64° 36'
-1277	morning_first_visibility	-1277-11-27	234.03	225.95	234° 02'	225° 57'	6:28	6:56	-0:27h	4d 15h	-3.3	-6° 31'	1° 29'	0° 39'	-8° 05'	288° 19'	288° 58'
-1276	evening_first_visibility	-1276-10-24	200.62	213.37	200° 37'	213° 22'	18:22	17:57	0:24h	50d 21h	-3.4	-6° 05'	-0° 05'	-10° 05'	12° 46'	84° 03'	73° 58'
-1276	morning_last_visibility	-1276-08-04	119.17	111.10	119° 10'	111° 06'	5:02	5:29	-0:27h	-30d 16h	-3.4	-6° 08'	1° 07'	2° 08'	-8° 04'	241° 50'	243° 58'
-1275	evening_last_visibility	-1275-06-18	74.22	84.22	74° 13'	84° 13'	19:39	19:14	0:24h	-6d 20h	-3.3	-5° 31'	-3° 13'	-7° 39'	9° 59'	120° 28'	112° 49'
-1275	morning_first_visibility	-1275-07-05	89.90	74.85	89° 54'	74° 51'	4:42	5:14	-0:31h	9d 13h	-3.6	-6° 40'	-6° 07'	13° 56'	-15° 03'	237° 29'	251° 25'
-1274	evening_first_visibility	-1274-05-17	43.52	51.60	43° 31'	51° 36'	19:22	18:56	0:26h	29d 03h	-3.4	-6° 14'	0° 23'	-1° 51'	8° 06'	112° 44'	110° 52'
-1274	morning_last_visibility	-1274-02-26	326.03	312.62	326° 02'	312° 37'	6:42	7:07	-0:24h	-51d 10h	-3.3	-6° 02'	-1° 21'	11° 04'	-13° 25'	281° 36'	292° 40'
-1273	evening_first_visibility	-1273-12-30	268.15	278.02	268° 09'	278° 01'	17:59	17:33	0:26h	41d 09h	-3.4	-6° 05'	-1° 18'	-6° 11'	9° 51'	65° 56'	59° 46'
-1273	evening_last_visibility	-1273-01-30	299.58	305.45	299° 35'	305° 27'	18:20	17:54	0:26h	-4d 00h	-3.4	-6° 13'	8° 03'	5° 56'	5° 52'	69° 48'	75° 43'
-1273	morning_first_visibility	-1273-02-05	305.08	301.98	305° 05'	301° 59'	6:56	7:23	-0:27h	1d 12h	-3.2	-6° 22'	8° 25'	-3° 56'	-3° 06'	288° 40'	284° 44'
-1273	morning_last_visibility	-1273-10-17	192.23	184.33	192° 14'	184° 20'	5:56	6:21	-0:24h	-33d 03h	-3.4	-6° 14'	1° 10'	-0° 18'	-7° 53'	272° 06'	271° 48'
-1272	evening_last_visibility	-1272-08-21	136.47	157.60	136° 28'	157° 36'	19:30	19:07	0:22h	-14d 18h	-4	-5° 24'	-7° 56'	-21° 24'	21° 09'	112° 11'	90° 47'
-1272	morning_first_visibility	-1272-09-11	156.72	147.15	156° 43'	147° 09'	5:31	5:57	-0:25h	5d 16h	-3.5	-6° 16'	-8° 06'	9° 36'	-9° 34'	255° 35'	265° 11'
-1271	evening_first_visibility	-1271-07-28	112.75	122.23	112° 45'	122° 14'	19:48	19:21	0:26h	34d 02h	-3.4	-6° 02'	1° 26'	-5° 44'	9° 29'	119° 36'	113° 51'
-1271	morning_last_visibility	-1271-05-02	28.93	14.35	28° 56'	14° 21'	5:21	5:47	-0:25h	-53d 13h	-3.3	-6° 02'	-1° 11'	12° 23'	-14° 35'	253° 15'	265° 38'
-1270	evening_last_visibility	-1270-04-09	7.27	14.42	7° 16'	14° 25'	19:00	18:36	0:24h	-4d 22h	-3.2	-6° 03'	5° 40'	4° 47'	7° 08'	96° 55'	101° 42'
-1270	morning_first_visibility	-1270-04-19	16.32	8.57	16° 19'	8° 34'	5:39	6:02	-0:23h	4d 13h	-3.1	-5° 57'	3° 55'	3° 57'	-7° 44'	258° 56'	262° 53'
-1270	morning_last_visibility	-1270-12-28	265.95	256.75	265° 57'	256° 45'	6:53	7:21	-0:27h	-38d 06h	-3.4	-6° 12'	-0° 25'	4° 43'	-9° 12'	293° 56'	298° 39'
-1269	evening_first_visibility	-1269-03-07	335.13	343.15	335° 08'	343° 09'	18:44	18:19	0:24h	31d 06h	-3.4	-6° 04'	-1° 09'	-2° 12'	8° 02'	82° 11'	79° 59'
-1269	evening_last_visibility	-1269-11-10	217.23	231.48	217° 14'	231° 29'	18:06	17:42	0:23h	-9d 10h	-3.7	-5° 52'	-2° 24'	-12° 18'	14° 15'	77° 01'	64° 43'
-1269	morning_first_visibility	-1269-11-25	232.05	223.22	232° 03'	223° 13'	6:23	6:54	-0:31h	5d 03h	-3.3	-7° 12'	1° 12'	0° 58'	-8° 51'	287° 21'	288° 19'
-1268	evening_first_visibility	-1268-10-21	197.62	210.28	197° 37'	210° 17'	18:25	18:00	0:24h	50d 06h	-3.4	-6° 01'	0° 00'	-10° 01'	12° 40'	85° 20'	75° 20'
-1268	morning_last_visibility	-1268-08-02	117.28	109.30	117° 17'	109° 18'	5:01	5:28	-0:27h	-30d 07h	-3.4	-6° 01'	1° 06'	2° 14'	-7° 59'	241° 27'	243° 41'
-1267	evening_last_visibility	-1267-06-16	72.38	81.85	72° 23'	81° 51'	19:37	19:13	0:23h	-6d 12h	-3.3	-5° 18'	-2° 59'	-7° 05'	9° 28'	120° 01'	112° 56'
-1267	morning_first_visibility	-1267-07-02	87.08	72.97	87° 05'	72° 58'	4:46	5:13	-0:27h	8d 21h	-3.5	-5° 55'	-5° 49'	13° 14'	-14° 07'	238° 06'	251° 20'
-1266	evening_first_visibility	-1266-05-14	40.72	48.60	40° 43'	48° 36'	19:19	18:54	0:25h	28d 09h	-3.4	-6° 02'	0° 18'	-1° 44'	7° 53'	111° 33'	109° 49'
-1266	morning_last_visibility	-1266-02-24	324.15	310.83	324° 09'	310° 50'	6:44	7:09	-0:24h	-51d 03h	-3.3	-6° 04'	-1° 20'	10° 55'	-13° 19'	282° 20'	293° 15'
-1265	evening_first_visibility	-1265-12-28	266.20	276.18	266° 12'	276° 11'	17:59	17:32	0:26h	42d 00h	-3.4	-6° 07'	-1° 17'	-6° 21'	10° 00'	66° 01'	59° 39'
-1265	evening_last_visibility	-1265-01-28	297.65	302.93	297° 39'	302° 56'	18:17	17:52	0:24h	-3d 15h	-3.3	-5° 45'	7° 59'	5° 55'	5° 17'	69° 03'	74° 58'
-1265	morning_first_visibility	-1265-02-03	303.17	299.47	303° 10'	299° 28'	6:55	7:24	-0:29h	1d 21h	-3.3	-6° 43'	8° 23'	-3° 37'	-3° 42'	289° 00'	285° 23'
-1265	morning_last_visibility	-1265-10-15	190.25	182.50	190° 15'	182° 30'	5:56	6:20	-0:24h	-32d 12h	-3.4	-6° 06'	1° 12'	-0° 21'	-7° 45'	271° 15'	270° 55'
-1264	evening_last_visibility	-1264-08-19	134.55	155.12	134° 33'	155° 07'	19:30	19:09	0:21h	-14d 07h	-3.9	-5° 13'	-7° 55'	-20° 54'	20° 34'	112° 45'	91° 51'
-1264	morning_first_visibility	-1264-09-09	154.78	144.53	154° 47'	144° 32'	5:27	5:55	-0:28h	6d 03h	-3.5	-6° 49'	-8° 10'	9° 52'	-10° 14'	254° 22'	264° 15'
-1263	evening_first_visibility	-1263-07-26	110.87	120.43	110° 52'	120° 26'	19:49	19:21	0:27h	34d 07h	-3.4	-6° 08'	1° 25'	-5° 43'	9° 34'	120° 03'	114° 19'
-1263	morning_last_visibility	-1263-04-29	26.15	11.37	26° 09'	11° 22'	5:25	5:50	-0:25h	-54d 07h	-3.3	-6° 04'	-1° 14'	12° 37'	-14° 47'	254° 27'	267° 03'
-1262	evening_last_visibility	-1262-04-07	5.42	12.10	5° 25'	12° 06'	18:57	18:35	0:22h	-4d 15h	-3.2	-5° 35'	5° 52'	5° 03'	6° 41'	95° 47'	100° 50'
-1262	morning_first_visibility	-1262-04-17	14.47	6.27	14° 28'	6° 16'	5:39	6:05	-0:25h	4d 20h	-3.2	-6° 23'	4° 08'	4° 13'	-8° 12'	259° 31'	263° 44'
-1262	morning_last_visibility	-1262-12-26	263.97	254.90	263° 58'	254° 54'	6:52	7:20	-0:27h	-37d 19h	-3.4	-6° 10'	-0° 22'	4° 30'	-9° 04'	293° 52'	298° 22'
-1261	evening_first_visibility	-1261-03-05	333.23	341.35	333° 14'	341° 21'	18:43	18:18	0:25h	31d 17h	-3.4	-6° 09'	-1° 10'	-2° 16'	8° 07'	81° 25'	79° 08'
-1261	evening_last_visibility	-1261-11-07	214.22	229.20	214° 13'	229° 12'	18:08	17:45	0:23h	-9d 22h	-3.7	-5° 49'	-2° 53'	-13° 15'	14° 59'	78° 10'	64° 55'
-1261	morning_first_visibility	-1261-11-22	229.05	221.00	229° 03'	221° 00'	6:25	6:51	-0:26h	4d 15h	-3.3	-6° 19'	0° 41'	1° 12'	-8° 03'	286° 54'	288° 06'
-1260	evening_first_visibility	-1260-10-19	195.63	208.43	195° 38'	208° 26'	18:27	18:03	0:24h	50d 15h	-3.4	-6° 05'	0° 03'	-10° 07'	12° 48'	86° 16'	76° 09'
-1260	morning_last_visibility	-1260-07-30	114.42	106.25	114° 25'	106° 15'	4:58	5:26	-0:27h	-30d 22h	-3.4	-6° 07'	1° 02'	2° 33'	-8° 11'	240° 42'	243° 15'
-1259	evening_last_visibility	-1259-06-13	69.57	80.02	69° 34'	80° 01'	19:41	19:12	0:29h	-7d 03h	-3.3	-6° 28'	-2° 31'	-7° 02'	10° 27'	120° 23'	113° 21'
-1259	morning_first_visibility	-1259-06-30	85.23	70.63	85° 14'	70° 38'	4:44	5:13	-0:28h	9d 06h	-3.5	-6° 12'	-5° 37'	13° 30'	-14° 36'	237° 57'	251° 28'
-1258	evening_first_visibility	-1258-05-12	38.87	46.82	38° 52'	46° 49'	19:19	18:53	0:25h	28d 16h	-3.4	-6° 06'	0° 15'	-1° 42'	7° 56'	110° 52'	109° 10'
-1258	morning_last_visibility	-1258-02-22	322.23	309.02	322° 14'	309° 01'	6:45	7:11	-0:25h	-50d 21h	-3.3	-6° 05'	-1° 19'	10° 46'	-13° 13'	283° 03'	293° 50'
-1257	evening_first_visibility	-1257-12-26	264.22	274.35	264° 13'	274° 21'	17:58	17:31	0:27h	42d 15h	-3.4	-6° 09'	-1° 16'	-6° 31'	10° 08'	66° 07'	59° 36'
-1257	evening_last_visibility	-1257-01-26	295.70	300.38	295° 42'	300° 23'	18:13	17:51	0:22h	-3d 06h	-3.3	-5° 16'	7° 54'	5° 55'	4° 41'	68° 20'	74° 15'
-1257	morning_first_visibility	-1257-01-31	300.22	297.53	300° 13'	297° 32'	7:00	7:25	-0:25h	1d 06h	-3.2	-5° 51'	8° 17'	-4° 18'	-2° 42'	290° 15'	285° 58'
-1257	morning_last_visibility	-1257-10-12	187.27	179.38	187° 16'	179° 23'	5:53	6:18	-0:24h	-32d 21h	-3.4	-6° 13'	1° 14'	-0° 23'	-7° 53'	269° 48'	269° 25'
-1256	evening_last_visibility	-1256-08-16	131.65	152.90	131° 39'	152° 54'	19:36	19:11	0:25h	-14d 21h	-3.9	-5° 54'	-7° 45'	-21° 16'	21° 14'	114° 14'	92° 58'
-1256	morning_first_visibility	-1256-09-06	151.83	142.45	151° 50'	142° 27'	5:29	5:53	-0:24h	5d 13h	-3.5	-5° 51'	-8° 21'	9° 58'	-9° 23'	253° 43'	263° 41'
-1255	evening_first_visibility	-1255-07-23	108.02	117.38	108° 01'	117° 23'	19:49	19:22	0:27h	33d 12h	-3.4	-6° 05'	1° 25'	-5° 27'	9° 22'	120° 31'	115° 04'
-1255	morning_last_visibility	-1255-04-26	23.35	8.37	23° 21'	8° 22'	5:28	5:53	-0:25h	-55d 02h	-3.3	-6° 06'	-1° 17'	12° 50'	-14° 59'	255° 40'	268° 30'
-1254	evening_last_visibility	-1254-04-04	2.60	10.37	2° 36'	10° 22'	19:01	18:34	0:27h	-5d 08h	-3.3	-6° 42'	6° 10'	5° 15'	7° 47'	95° 07'	100° 22'
-1254	morning_first_visibility	-1254-04-14	11.65	4.52	11° 39'	4° 31'	5:44	6:09	-0:24h	4d 03h	-3.1	-6° 06'	4° 34'	3° 06'	-7° 08'	260° 59'	264° 06'
-1254	morning_last_visibility	-1254-12-24	262.00	253.07	262° 00'	253° 04'	6:51	7:19	-0:27h	-37d 07h	-3.4	-6° 08'	-0° 20'	4° 17'	-8° 56'	293° 45'	298° 03'
-1253	evening_first_visibility	-1253-03-03	331.33	339.55	331° 20'	339° 33'	18:42	18:17	0:25h	32d 05h	-3.4	-6° 13'	-1° 12'	-2° 21'	8° 13'	80° 40'	78° 18'
-1253	evening_last_visibility	-1253-11-04	211.22	226.90	211° 13'	226° 54'	18:10	17:47	0:23h	-10d 10h	-3.8	-5° 46'	-3° 21'	-14° 11'	15° 41'	79° 21'	65° 11'
-1253	morning_first_visibility	-1253-11-20	227.05	218.23	227° 03'	218° 14'	6:19	6:49	-0:29h	5d 02h	-3.3	-7° 02'	0° 24'	1° 31'	-8° 49'	285° 51'	287° 22'
-1252	evening_first_visibility	-1252-10-16	192.65	205.35	192° 39'	205° 21'	18:30	18:06	0:24h	50d 00h	-3.4	-6° 02'	0° 08'	-10° 02'	12° 42'	87° 36'	77° 34'
-1252	morning_last_visibility	-1252-07-27	111.57	103.18	111° 34'	103° 11'	4:56	5:24	-0:28h	-31d 14h	-3.4	-6° 12'	0° 59'	2° 53'	-8° 22'	240° 02'	242° 55'
-1251	evening_last_visibility	-1251-06-11	67.73	77.68	67° 44'	77° 41'	19:39	19:11	0:28h	-6d 19h	-3.3	-6° 15'	-2° 17'	-6° 28'	9° 57'	119° 51'	113° 23'
-1251	morning_first_visibility	-1251-06-28	83.38	68.32	83° 23'	68° 19'	4:42	5:12	-0:30h	9d 14h	-3.5	-6° 28'	-5° 25'	13° 46'	-15° 03'	237° 51'	251° 37'
-1250	evening_first_visibility	-1250-05-10	37.03	45.03	37° 02'	45° 02'	19:18	18:52	0:26h	28d 22h	-3.4	-6° 10'	0° 13'	-1° 41'	8° 00'	110° 11'	108° 31'
-1250	morning_last_visibility	-1250-02-20	320.33	307.22	320° 20'	307° 13'	6:47	7:12	-0:25h	-50d 14h	-3.3	-6° 07'	-1° 17'	10° 37'	-13° 07'	283° 45'	294° 22'
-1249	evening_first_visibility	-1249-12-24	262.25	272.52	262° 15'	272° 31'	17:58	17:30	0:27h	43d 05h	-3.4	-6° 12'	-1° 15'	-6° 42'	10° 16'	66° 16'	59° 34'
-1249	evening_last_visibility	-1249-01-23	292.77	298.43	292° 46'	298° 26'	18:15	17:48	0:26h	-3d 21h	-3.3	-6° 12'	7° 41'	5° 16'	5° 41'	68° 16'	73° 32'
-1249	morning_first_visibility	-1249-01-29	298.28	294.97	298° 17'	294° 58'	6:59	7:26	-0:27h	1d 16h	-3.3	-6° 12'	8° 13'	-3° 57'	-3° 19'	290° 32'	286° 35'
-1249	morning_last_visibility	-1249-10-10	185.30	177.55	185° 18'	177° 33'	5:52	6:16	-0:24h	-32d 07h	-3.4	-6° 05'	1° 15'	-0° 25'	-7° 45'	268° 57'	268° 32'
-1248	evening_last_visibility	-1248-08-14	129.77	150.43	129° 46'	150° 26'	19:37	19:12	0:24h	-14d 10h	-3.9	-5° 45'	-7° 43'	-20° 45'	20° 41'	114° 45'	94° 00'
-1248	morning_first_visibility	-1248-09-04	149.92	139.88	149° 55'	139° 53'	5:25	5:52	-0:26h	6d 00h	-3.5	-6° 22'	-8° 23'	10° 14'	-10° 02'	252° 33'	262° 47'
-1247	evening_first_visibility	-1247-07-20	105.18	114.35	105° 11'	114° 21'	19:49	19:22	0:27h	32d 18h	-3.4	-6° 01'	1° 24'	-5° 11'	9° 10'	120° 55'	115° 44'
-1247	morning_last_visibility	-1247-04-24	21.50	6.60	21° 30'	6° 36'	5:31	5:56	-0:24h	-54d 20h	-3.3	-6° 01'	-1° 18'	12° 48'	-14° 55'	256° 32'	269° 20'
-1246	evening_last_visibility	-1246-04-02	0.73	8.05	0° 44'	8° 03'	18:58	18:33	0:25h	-5d 00h	-3.3	-6° 14'	6° 21'	5° 30'	7° 19'	93° 58'	99° 28'
-1246	morning_first_visibility	-1246-04-11	8.85	2.80	8° 51'	2° 48'	5:50	6:13	-0:22h	3d 11h	-3.1	-5° 49'	4° 58'	1° 59'	-6° 03'	262° 28'	264° 28'
-1246	morning_last_visibility	-1246-12-22	260.02	251.23	260° 01'	251° 14'	6:50	7:17	-0:27h	-36d 19h	-3.4	-6° 05'	-0° 17'	4° 04'	-8° 47'	293° 37'	297° 41'
-1245	evening_first_visibility	-1245-02-28	328.47	336.52	328° 28'	336° 31'	18:39	18:15	0:24h	31d 17h	-3.4	-6° 02'	-1° 14'	-2° 27'	8° 04'	79° 22'	76° 54'
-1245	evening_last_visibility	-1245-11-01	208.22	224.62	208° 13'	224° 37'	18:13	17:50	0:22h	-10d 22h	-3.8	-5° 44'	-3° 48'	-15° 06'	16° 24'	80° 34'	65° 29'
-1245	morning_first_visibility	-1245-11-17	224.05	216.03	224° 03'	216° 02'	6:21	6:47	-0:25h	4d 14h	-3.3	-6° 09'	-0° 08'	1° 46'	-8° 01'	285° 19'	287° 05'
-1244	evening_first_visibility	-1244-10-14	190.68	203.52	190° 41'	203° 31'	18:33	18:08	0:24h	50d 09h	-3.4	-6° 07'	0° 11'	-10° 09'	12° 50'	88° 33'	78° 25'
-1244	morning_last_visibility	-1244-07-25	109.68	101.38	109° 41'	101° 23'	4:55	5:23	-0:27h	-31d 05h	-3.4	-6° 05'	0° 57'	2° 59'	-8° 18'	239° 46'	242° 45'
-1243	evening_last_visibility	-1243-06-09	65.88	75.35	65° 53'	75° 21'	19:36	19:10	0:26h	-6d 11h	-3.2	-6° 01'	-2° 03'	-5° 54'	9° 28'	119° 17'	113° 23'
-1243	morning_first_visibility	-1243-06-25	80.57	66.45	80° 34'	66° 27'	4:46	5:12	-0:26h	8d 22h	-3.5	-5° 47'	-5° 05'	13° 01'	-14° 07'	238° 35'	251° 36'
-1242	evening_first_visibility	-1242-05-08	35.18	43.25	35° 11'	43° 15'	19:17	18:51	0:26h	29d 05h	-3.4	-6° 14'	0° 10'	-1° 39'	8° 04'	109° 29'	107° 50'
-1242	morning_last_visibility	-1242-02-18	318.42	305.42	318° 25'	305° 25'	6:48	7:14	-0:25h	-50d 07h	-3.3	-6° 09'	-1° 16'	10° 28'	-13° 01'	284° 26'	294° 54'
-1241	evening_first_visibility	-1241-12-22	260.27	270.68	260° 16'	270° 41'	17:57	17:30	0:27h	43d 20h	-3.4	-6° 14'	-1° 14'	-6° 52'	10° 25'	66° 26'	59° 34'
-1241	evening_last_visibility	-1241-01-21	290.82	295.88	290° 49'	295° 53'	18:11	17:47	0:24h	-3d 12h	-3.3	-5° 42'	7° 35'	5° 15'	5° 04'	67° 37'	72° 52'
-1241	morning_first_visibility	-1241-01-27	296.35	292.40	296° 21'	292° 24'	6:58	7:26	-0:28h	2d 01h	-3.3	-6° 34'	8° 08'	-3° 36'	-3° 56'	290° 46'	287° 10'
-1241	morning_last_visibility	-1241-10-07	182.32	174.43	182° 19'	174° 26'	5:50	6:14	-0:24h	-32d 16h	-3.4	-6° 12'	1° 18'	-0° 26'	-7° 53'	267° 29'	267° 03'
-1240	evening_last_visibility	-1240-08-12	127.85	147.97	127° 51'	147° 58'	19:38	19:14	0:23h	-13d 23h	-3.9	-5° 35'	-7° 40'	-20° 13'	20° 07'	115° 16'	95° 02'
-1240	morning_first_visibility	-1240-09-02	147.98	137.30	147° 59'	137° 18'	5:21	5:51	-0:29h	6d 10h	-3.5	-6° 52'	-8° 25'	10° 30'	-10° 41'	251° 25'	261° 55'
-1239	evening_first_visibility	-1239-07-18	103.30	112.53	103° 18'	112° 32'	19:50	19:22	0:27h	32d 23h	-3.4	-6° 07'	1° 23'	-5° 09'	9° 14'	121° 15'	116° 06'
-1239	morning_last_visibility	-1239-04-21	18.70	3.58	18° 42'	3° 35'	5:35	5:59	-0:24h	-55d 15h	-3.3	-6° 04'	-1° 21'	13° 00'	-15° 06'	257° 46'	270° 46'
-1238	evening_last_visibility	-1238-03-31	358.85	5.70	358° 51'	5° 42'	18:55	18:32	0:23h	-4d 17h	-3.2	-5° 47'	6° 31'	5° 44'	6° 51'	92° 49'	98° 33'
-1238	morning_first_visibility	-1238-04-09	6.98	0.45	6° 59'	0° 27'	5:50	6:15	-0:24h	3d 18h	-3.1	-6° 16'	5° 10'	2° 16'	-6° 32'	263° 05'	265° 21'
-1238	morning_last_visibility	-1238-12-20	258.03	249.38	258° 02'	249° 23'	6:49	7:16	-0:26h	-36d 07h	-3.4	-6° 02'	-0° 15'	3° 51'	-8° 39'	293° 27'	297° 19'
-1237	evening_first_visibility	-1237-02-26	326.55	334.72	326° 33'	334° 43'	18:39	18:13	0:25h	32d 05h	-3.4	-6° 06'	-1° 16'	-2° 33'	8° 10'	78° 38'	76° 06'
-1237	evening_last_visibility	-1237-10-29	205.20	222.30	205° 12'	222° 18'	18:15	17:53	0:22h	-11d 10h	-3.8	-5° 41'	-4° 14'	-15° 58'	17° 06'	81° 49'	65° 51'
-1237	morning_first_visibility	-1237-11-15	222.05	213.25	222° 03'	213° 15'	6:16	6:45	-0:28h	5d 02h	-3.3	-6° 53'	-0° 25'	2° 06'	-8° 48'	284° 11'	286° 17'
-1236	evening_first_visibility	-1236-10-11	187.70	200.42	187° 42'	200° 25'	18:36	18:11	0:24h	49d 17h	-3.4	-6° 04'	0° 16'	-10° 02'	12° 43'	89° 55'	79° 53'
-1236	morning_last_visibility	-1236-07-22	106.83	98.33	106° 50'	98° 20'	4:53	5:21	-0:28h	-31d 21h	-3.4	-6° 09'	0° 53'	3° 19'	-8° 30'	239° 14'	242° 33'
-1235	evening_last_visibility	-1235-06-07	64.03	73.00	64° 02'	73° 00'	19:34	19:08	0:25h	-6d 03h	-3.2	-5° 46'	-1° 48'	-5° 21'	8° 58'	118° 41'	113° 21'
-1235	morning_first_visibility	-1235-06-23	78.70	64.12	78° 42'	64° 07'	4:44	5:12	-0:27h	9d 06h	-3.5	-6° 05'	-4° 53'	13° 17'	-14° 35'	238° 33'	251° 50'
-1234	evening_first_visibility	-1234-05-05	32.38	40.23	32° 23'	40° 14'	19:14	18:49	0:25h	28d 12h	-3.4	-6° 01'	0° 05'	-1° 34'	7° 51'	108° 12'	106° 38'
-1234	morning_last_visibility	-1234-02-16	316.50	303.60	316° 30'	303° 36'	6:50	7:16	-0:25h	-50d 01h	-3.3	-6° 11'	-1° 15'	10° 18'	-12° 54'	285° 06'	295° 24'
-1233	evening_first_visibility	-1233-12-19	257.27	267.60	257° 16'	267° 36'	17:55	17:29	0:26h	43d 10h	-3.4	-6° 01'	-1° 11'	-6° 58'	10° 19'	66° 37'	59° 39'
-1233	evening_last_visibility	-1233-01-18	287.87	293.92	287° 52'	293° 55'	18:14	17:45	0:28h	-4d 03h	-3.4	-6° 35'	7° 20'	4° 32'	6° 03'	67° 38'	72° 10'
-1233	morning_first_visibility	-1233-01-25	294.40	289.83	294° 24'	289° 50'	6:56	7:27	-0:30h	2d 10h	-3.3	-6° 56'	8° 03'	-3° 15'	-4° 34'	290° 58'	287° 43'
-1233	morning_last_visibility	-1233-10-05	180.35	172.60	180° 21'	172° 36'	5:49	6:13	-0:24h	-32d 02h	-3.4	-6° 05'	1° 19'	-0° 27'	-7° 45'	266° 38'	266° 11'
-1232	evening_last_visibility	-1232-08-10	125.95	145.50	125° 57'	145° 30'	19:38	19:15	0:23h	-13d 13h	-3.9	-5° 26'	-7° 37'	-19° 42'	19° 32'	115° 45'	96° 03'
-1232	morning_first_visibility	-1232-08-30	145.07	135.25	145° 04'	135° 15'	5:24	5:49	-0:24h	5d 21h	-3.5	-5° 53'	-8° 33'	10° 31'	-9° 49'	250° 51'	261° 21'
-1231	evening_first_visibility	-1231-07-15	100.47	109.50	100° 28'	109° 30'	19:50	19:22	0:27h	32d 04h	-3.4	-6° 03'	1° 22'	-4° 52'	9° 01'	121° 31'	116° 38'
-1231	morning_last_visibility	-1231-04-18	15.90	0.60	15° 54'	0° 36'	5:38	6:03	-0:24h	-56d 10h	-3.3	-6° 08'	-1° 23'	13° 11'	-15° 18'	259° 01'	272° 12'
-1230	evening_last_visibility	-1230-03-29	357.00	3.38	357° 00'	3° 23'	18:52	18:31	0:21h	-4d 10h	-3.2	-5° 20'	6° 41'	5° 57'	6° 23'	91° 41'	97° 38'
-1230	morning_first_visibility	-1230-04-06	4.18	358.73	4° 11'	358° 44'	5:55	6:19	-0:23h	3d 01h	-3.1	-5° 57'	5° 33'	1° 09'	-5° 27'	264° 35'	265° 44'
-1230	morning_last_visibility	-1230-12-17	255.03	246.30	255° 02'	246° 18'	6:46	7:14	-0:27h	-36d 19h	-3.4	-6° 16'	-0° 10'	3° 37'	-8° 44'	292° 58'	296° 36'
-1229	evening_first_visibility	-1229-02-24	324.67	332.92	324° 40'	332° 55'	18:38	18:12	0:25h	32d 17h	-3.4	-6° 11'	-1° 17'	-2° 38'	8° 16'	77° 56'	75° 18'
-1229	evening_last_visibility	-1229-10-26	202.22	220.00	202° 13'	220° 00'	18:18	17:56	0:22h	-11d 21h	-3.9	-5° 38'	-4° 38'	-16° 49'	17° 47'	83° 05'	66° 16'
-1229	morning_first_visibility	-1229-11-12	219.05	211.03	219° 03'	211° 02'	6:18	6:42	-0:24h	4d 14h	-3.3	-6° 02'	-0° 57'	2° 24'	-8° 01'	283° 34'	285° 57'
-1228	evening_first_visibility	-1228-10-08	184.72	197.33	184° 43'	197° 20'	18:39	18:15	0:24h	49d 01h	-3.4	-6° 02'	0° 21'	-9° 56'	12° 36'	91° 17'	81° 21'
-1228	morning_last_visibility	-1228-07-20	104.97	96.55	104° 58'	96° 33'	4:52	5:20	-0:27h	-31d 12h	-3.4	-6° 02'	0° 51'	3° 25'	-8° 25'	239° 03'	242° 28'
-1227	evening_last_visibility	-1227-06-05	62.20	70.68	62° 12'	70° 41'	19:31	19:07	0:24h	-5d 20h	-3.2	-5° 30'	-1° 34'	-4° 48'	8° 29'	118° 03'	113° 15'
-1227	morning_first_visibility	-1227-06-21	76.87	61.82	76° 52'	61° 49'	4:43	5:12	-0:29h	9d 14h	-3.5	-6° 22'	-4° 40'	13° 33'	-15° 03'	238° 33'	252° 06'
-1226	evening_first_visibility	-1226-05-03	30.55	38.47	30° 33'	38° 28'	19:13	18:48	0:25h	28d 19h	-3.4	-6° 05'	0° 02'	-1° 33'	7° 55'	107° 28'	105° 55'
-1226	morning_last_visibility	-1226-02-14	314.58	301.80	314° 35'	301° 48'	6:51	7:17	-0:26h	-49d 18h	-3.3	-6° 13'	-1° 13'	10° 08'	-12° 47'	285° 45'	295° 53'
-1225	evening_first_visibility	-1225-12-17	255.28	265.77	255° 17'	265° 46'	17:55	17:29	0:26h	44d 00h	-3.4	-6° 04'	-1° 09'	-7° 08'	10° 28'	66° 53'	59° 45'
-1225	evening_last_visibility	-1225-01-16	285.92	291.33	285° 55'	291° 20'	18:10	17:43	0:26h	-3d 17h	-3.3	-6° 03'	7° 13'	4° 30'	5° 26'	67° 02'	71° 32'
-1225	morning_first_visibility	-1225-01-22	291.47	287.87	291° 28'	287° 52'	7:01	7:27	-0:26h	1d 20h	-3.3	-6° 02'	7° 52'	-3° 51'	-3° 35'	292° 04'	288° 14'
-1225	morning_last_visibility	-1225-10-02	177.38	169.50	177° 23'	169° 30'	5:46	6:11	-0:24h	-32d 12h	-3.4	-6° 13'	1° 21'	-0° 27'	-7° 53'	265° 10'	264° 43'
-1224	evening_last_visibility	-1224-08-08	124.07	143.05	124° 04'	143° 03'	19:38	19:16	0:22h	-13d 03h	-3.8	-5° 18'	-7° 33'	-19° 11'	18° 59'	116° 13'	97° 02'
-1224	morning_first_visibility	-1224-08-28	143.15	132.70	143° 09'	132° 42'	5:20	5:47	-0:27h	6d 07h	-3.5	-6° 21'	-8° 33'	10° 46'	-10° 27'	249° 46'	260° 32'
-1223	evening_first_visibility	-1223-07-13	98.60	107.68	98° 36'	107° 41'	19:50	19:22	0:28h	32d 10h	-3.4	-6° 09'	1° 21'	-4° 50'	9° 05'	121° 45'	116° 55'
-1223	morning_last_visibility	-1223-04-16	14.05	358.82	14° 03'	358° 49'	5:41	6:06	-0:24h	-56d 04h	-3.3	-6° 04'	-1° 24'	13° 09'	-15° 14'	259° 55'	273° 03'
-1222	evening_last_visibility	-1222-03-26	354.15	1.62	354° 09'	1° 37'	18:56	18:29	0:26h	-5d 02h	-3.3	-6° 26'	6° 56'	6° 06'	7° 28'	90° 59'	97° 05'
-1222	morning_first_visibility	-1222-04-04	2.30	356.37	2° 18'	356° 22'	5:56	6:21	-0:25h	3d 09h	-3.1	-6° 23'	5° 44'	1° 26'	-5° 57'	265° 12'	266° 39'
-1222	morning_last_visibility	-1222-12-15	253.05	244.45	253° 03'	244° 27'	6:45	7:12	-0:27h	-36d 06h	-3.4	-6° 12'	-0° 07'	3° 25'	-8° 36'	292° 44'	296° 09'
-1221	evening_first_visibility	-1221-02-22	322.73	331.10	322° 44'	331° 06'	18:37	18:11	0:26h	33d 06h	-3.4	-6° 16'	-1° 18'	-2° 44'	8° 22'	77° 14'	74° 30'
-1221	evening_last_visibility	-1221-10-23	199.22	217.68	199° 13'	217° 41'	18:21	17:59	0:22h	-12d 09h	-3.9	-5° 37'	-5° 01'	-17° 39'	18° 28'	84° 24'	66° 45'
-1221	morning_first_visibility	-1221-11-10	217.05	208.27	217° 03'	208° 16'	6:12	6:41	-0:28h	5d 02h	-3.3	-6° 46'	-1° 13'	2° 42'	-8° 47'	282° 24'	285° 06'
-1220	evening_first_visibility	-1220-10-05	181.73	194.23	181° 44'	194° 14'	18:42	18:18	0:24h	48d 10h	-3.4	-6° 00'	0° 26'	-9° 49'	12° 29'	92° 40'	82° 51'
-1220	morning_last_visibility	-1220-07-17	102.12	93.50	102° 07'	93° 30'	4:51	5:19	-0:28h	-32d 04h	-3.4	-6° 05'	0° 47'	3° 46'	-8° 37'	238° 38'	242° 25'
-1219	evening_last_visibility	-1219-06-03	60.35	68.33	60° 21'	68° 20'	19:29	19:06	0:22h	-5d 12h	-3.1	-5° 13'	-1° 19'	-4° 16'	7° 59'	117° 23'	113° 07'
-1219	morning_first_visibility	-1219-06-18	74.05	59.95	74° 03'	59° 57'	4:47	5:13	-0:26h	8d 22h	-3.5	-5° 44'	-4° 18'	12° 44'	-14° 06'	239° 24'	252° 08'
-1218	evening_first_visibility	-1218-05-01	28.70	36.67	28° 42'	36° 40'	19:13	18:47	0:25h	29d 02h	-3.4	-6° 09'	-0° 00'	-1° 32'	7° 59'	106° 43'	105° 11'
-1218	morning_last_visibility	-1218-02-13	313.65	301.22	313° 39'	301° 13'	6:53	7:18	-0:25h	-48d 10h	-3.3	-6° 00'	-1° 13'	9° 51'	-12° 26'	286° 11'	296° 02'
-1217	evening_first_visibility	-1217-12-15	253.30	263.92	253° 18'	263° 55'	17:55	17:29	0:26h	44d 14h	-3.4	-6° 06'	-1° 08'	-7° 18'	10° 37'	67° 11'	59° 52'
-1217	evening_last_visibility	-1217-01-14	283.95	288.75	283° 57'	288° 45'	18:06	17:42	0:23h	-3d 08h	-3.3	-5° 31'	7° 05'	4° 30'	4° 48'	66° 28'	70° 58'
-1217	morning_first_visibility	-1217-01-20	289.52	285.28	289° 31'	285° 17'	6:59	7:27	-0:28h	2d 05h	-3.3	-6° 24'	7° 46'	-3° 29'	-4° 14'	292° 12'	288° 43'
-1217	morning_last_visibility	-1217-09-30	175.42	167.65	175° 25'	167° 39'	5:45	6:09	-0:24h	-31d 22h	-3.4	-6° 06'	1° 22'	-0° 27'	-7° 46'	264° 19'	263° 52'
-1216	evening_last_visibility	-1216-08-05	121.18	140.90	121° 11'	140° 54'	19:44	19:17	0:26h	-13d 16h	-3.9	-6° 06'	-7° 19'	-19° 30'	19° 43'	117° 36'	98° 06'
-1216	morning_first_visibility	-1216-08-26	141.22	130.15	141° 13'	130° 09'	5:16	5:46	-0:29h	6d 17h	-3.5	-6° 49'	-8° 33'	11° 03'	-11° 04'	248° 42'	259° 44'
-1215	evening_first_visibility	-1215-07-10	95.77	104.65	95° 46'	104° 39'	19:50	19:22	0:27h	31d 15h	-3.4	-6° 04'	1° 20'	-4° 33'	8° 53'	121° 53'	117° 20'
-1215	morning_last_visibility	-1215-04-14	12.18	357.03	12° 11'	357° 02'	5:44	6:08	-0:23h	-55d 23h	-3.3	-6° 01'	-1° 24'	13° 06'	-15° 09'	260° 48'	273° 54'
-1214	evening_last_visibility	-1214-03-24	352.28	359.28	352° 17'	359° 17'	18:52	18:28	0:24h	-4d 19h	-3.3	-5° 59'	7° 05'	6° 18'	7° 00'	89° 51'	96° 09'
-1214	morning_first_visibility	-1214-04-01	359.48	354.62	359° 29'	354° 37'	6:01	6:25	-0:23h	2d 16h	-3.1	-6° 04'	6° 05'	0° 20'	-4° 52'	266° 43'	267° 04'
-1214	morning_last_visibility	-1214-12-13	251.07	242.62	251° 04'	242° 37'	6:43	7:10	-0:26h	-35d 17h	-3.4	-6° 08'	-0° 05'	3° 12'	-8° 28'	292° 27'	295° 40'
-1213	evening_first_visibility	-1213-02-19	319.85	328.07	319° 51'	328° 04'	18:34	18:09	0:25h	32d 19h	-3.4	-6° 04'	-1° 20'	-2° 51'	8° 13'	76° 02'	73° 11'
-1213	evening_last_visibility	-1213-10-20	196.23	215.33	196° 14'	215° 20'	18:24	18:02	0:22h	-12d 21h	-3.9	-5° 36'	-5° 23'	-18° 26'	19° 07'	85° 44'	67° 18'
-1213	morning_first_visibility	-1213-11-07	214.05	206.05	214° 03'	206° 03'	6:14	6:38	-0:24h	4d 15h	-3.3	-5° 56'	-1° 45'	3° 02'	-8° 00'	281° 42'	284° 43'
-1212	evening_first_visibility	-1212-10-03	179.78	192.40	179° 47'	192° 24'	18:45	18:20	0:24h	48d 17h	-3.4	-6° 06'	0° 28'	-9° 54'	12° 37'	93° 38'	83° 44'
-1212	morning_last_visibility	-1212-07-14	99.28	90.47	99° 17'	90° 28'	4:49	5:17	-0:28h	-32d 20h	-3.4	-6° 08'	0° 42'	4° 07'	-8° 49'	238° 19'	242° 26'
-1211	evening_last_visibility	-1211-05-31	57.55	66.57	57° 33'	66° 34'	19:33	19:04	0:28h	-6d 04h	-3.2	-6° 23'	-0° 50'	-4° 07'	9° 00'	117° 27'	113° 20'
-1211	morning_first_visibility	-1211-06-16	72.22	57.65	72° 13'	57° 39'	4:46	5:13	-0:27h	9d 05h	-3.5	-6° 03'	-4° 04'	12° 59'	-14° 33'	239° 28'	252° 27'
-1210	evening_first_visibility	-1210-04-29	26.85	34.90	26° 51'	34° 54'	19:12	18:46	0:25h	29d 09h	-3.4	-6° 13'	-0° 03'	-1° 31'	8° 03'	105° 58'	104° 26'
-1210	morning_last_visibility	-1210-02-11	311.73	299.42	311° 44'	299° 25'	6:54	7:19	-0:25h	-48d 03h	-3.3	-6° 02'	-1° 11'	9° 40'	-12° 20'	286° 48'	296° 29'
-1209	evening_first_visibility	-1209-12-13	251.33	262.08	251° 20'	262° 05'	17:55	17:29	0:26h	45d 04h	-3.4	-6° 08'	-1° 06'	-7° 29'	10° 45'	67° 30'	60° 01'
-1209	evening_last_visibility	-1209-01-11	280.98	286.75	280° 59'	286° 45'	18:08	17:40	0:27h	-3d 22h	-3.3	-6° 19'	6° 46'	3° 41'	5° 45'	66° 37'	70° 18'
-1209	morning_first_visibility	-1209-01-18	287.57	282.68	287° 34'	282° 41'	6:57	7:27	-0:30h	2d 15h	-3.3	-6° 48'	7° 38'	-3° 08'	-4° 53'	292° 17'	289° 09'
-1209	morning_last_visibility	-1209-09-27	172.45	164.55	172° 27'	164° 33'	5:42	6:07	-0:24h	-32d 08h	-3.4	-6° 14'	1° 23'	-0° 25'	-7° 54'	262° 50'	262° 25'
-1208	evening_last_visibility	-1208-08-03	119.30	138.47	119° 18'	138° 28'	19:45	19:18	0:26h	-13d 06h	-3.8	-5° 59'	-7° 14'	-18° 58'	19° 09'	118° 01'	99° 03'
-1208	morning_first_visibility	-1208-08-23	138.32	128.12	138° 19'	128° 07'	5:19	5:44	-0:24h	6d 03h	-3.5	-5° 49'	-8° 37'	10° 59'	-10° 12'	248° 14'	259° 13'
-1207	evening_first_visibility	-1207-07-08	93.90	102.85	93° 54'	102° 51'	19:50	19:22	0:28h	31d 20h	-3.4	-6° 10'	1° 19'	-4° 31'	8° 57'	122° 03'	117° 32'
-1207	morning_last_visibility	-1207-04-11	9.38	354.03	9° 23'	354° 02'	5:48	6:12	-0:24h	-56d 18h	-3.3	-6° 06'	-1° 26'	13° 16'	-15° 21'	262° 03'	275° 19'
-1206	evening_last_visibility	-1206-03-22	350.42	356.95	350° 25'	356° 57'	18:49	18:27	0:21h	-4d 11h	-3.3	-5° 32'	7° 14'	6° 29'	6° 32'	88° 43'	95° 12'
-1206	morning_first_visibility	-1206-03-29	356.67	352.88	356° 40'	352° 53'	6:07	6:29	-0:22h	2d 00h	-3.1	-5° 43'	6° 25'	-0° 45'	-3° 47'	268° 15'	267° 30'
-1206	morning_last_visibility	-1206-12-11	249.08	240.77	249° 05'	240° 46'	6:42	7:09	-0:26h	-35d 04h	-3.4	-6° 04'	-0° 02'	3° 00'	-8° 19'	292° 09'	295° 10'
-1205	evening_first_visibility	-1205-02-17	317.93	326.27	317° 56'	326° 16'	18:33	18:07	0:25h	33d 08h	-3.4	-6° 09'	-1° 21'	-2° 57'	8° 20'	75° 23'	72° 26'
-1205	evening_last_visibility	-1205-10-17	193.23	212.98	193° 14'	212° 59'	18:27	18:05	0:22h	-13d 09h	-4	-5° 36'	-5° 43'	-19° 11'	19° 45'	87° 06'	67° 55'
-1205	morning_first_visibility	-1205-11-05	212.05	203.27	212° 03'	203° 16'	6:09	6:36	-0:27h	5d 03h	-3.3	-6° 41'	-2° 01'	3° 20'	-8° 47'	280° 28'	283° 48'
-1204	evening_first_visibility	-1204-09-30	176.80	189.30	176° 48'	189° 18'	18:48	18:24	0:24h	48d 01h	-3.4	-6° 05'	0° 33'	-9° 47'	12° 30'	95° 01'	85° 15'
-1204	morning_last_visibility	-1204-07-11	96.45	87.43	96° 27'	87° 26'	4:47	5:16	-0:28h	-33d 13h	-3.4	-6° 10'	0° 38'	4° 29'	-9° 01'	238° 05'	242° 33'
-1203	evening_last_visibility	-1203-05-29	55.70	64.23	55° 42'	64° 14'	19:30	19:03	0:26h	-5d 20h	-3.2	-6° 06'	-0° 35'	-3° 35'	8° 31'	116° 42'	113° 08'
-1203	morning_first_visibility	-1203-06-14	70.37	55.35	70° 22'	55° 21'	4:44	5:14	-0:29h	9d 13h	-3.5	-6° 21'	-3° 51'	13° 15'	-15° 00'	239° 34'	252° 49'
-1202	evening_first_visibility	-1202-04-26	24.05	31.88	24° 03'	31° 53'	19:09	18:45	0:24h	28d 16h	-3.4	-6° 01'	-0° 08'	-1° 28'	7° 50'	104° 36'	103° 08'
-1202	morning_last_visibility	-1202-02-09	309.80	297.60	309° 48'	297° 36'	6:55	7:20	-0:25h	-47d 20h	-3.3	-6° 04'	-1° 10'	9° 30'	-12° 13'	287° 24'	296° 54'
-1201	evening_first_visibility	-1201-12-11	249.33	260.25	249° 20'	260° 15'	17:55	17:28	0:26h	45d 18h	-3.4	-6° 10'	-1° 04'	-7° 39'	10° 54'	67° 52'	60° 13'
-1201	evening_last_visibility	-1201-01-09	279.02	284.10	279° 01'	284° 06'	18:03	17:39	0:24h	-3d 12h	-3.3	-5° 45'	6° 37'	3° 41'	5° 05'	66° 06'	69° 47'
-1201	morning_first_visibility	-1201-01-15	284.60	280.67	284° 36'	280° 40'	7:02	7:27	-0:25h	2d 01h	-3.3	-5° 51'	7° 25'	-3° 37'	-3° 56'	293° 15'	289° 38'
-1201	morning_last_visibility	-1201-09-25	170.50	162.70	170° 30'	162° 42'	5:42	6:06	-0:24h	-31d 18h	-3.4	-6° 07'	1° 24'	-0° 25'	-7° 47'	261° 59'	261° 35'
-1200	evening_last_visibility	-1200-08-01	117.42	136.02	117° 25'	136° 01'	19:45	19:19	0:25h	-12d 20h	-3.8	-5° 53'	-7° 08'	-18° 25'	18° 37'	118° 25'	100° 00'
-1200	morning_first_visibility	-1200-08-21	136.40	125.58	136° 24'	125° 35'	5:15	5:42	-0:27h	6d 13h	-3.5	-6° 14'	-8° 36'	11° 14'	-10° 48'	247° 14'	258° 29'